{
    "sl_d": {
        "value_index_2": 1.25,
        "value_index_3": [
            0.6443811764086812,
            0.6137886357424316
        ],
        "value_index_4": -4.747584471158904,
        "value_index_5": {
            "mean": 1.2504329004329007,
            "pinf": 1.194635,
            "psup": 1.3059500000000002
        }
    },
    "c_d": {
        "value_index_2": 1.25,
        "value_index_3": [
            116.84227803220497,
            123.08620776087801
        ],
        "value_index_4": 5.343895920064172,
        "value_index_5": {
            "mean": 1.2504329004329007,
            "pinf": 1.194635,
            "psup": 1.3059500000000002
        }
    }
}