Speed,AgeGroup,outcome,mean,ci_low,ci_high,fixed_mean_se,structure,formula,estimator
0.39,Young,StepLength,0.36645307670617716,0.353023786586747,0.37988236682560733,0.006851804535878568,correlated_random_intercept_speed_slope,StepLength ~ C(AgeGroup) + Speed + I(Speed ** 2),REML
0.39926174496644296,Young,StepLength,0.36991130578036013,0.3565745273796622,0.38324808418105805,0.006804603812058144,correlated_random_intercept_speed_slope,StepLength ~ C(AgeGroup) + Speed + I(Speed ** 2),REML
0.4085234899328859,Young,StepLength,0.37335973133148936,0.3601115086849833,0.3866079539779954,0.006759421474581343,correlated_random_intercept_speed_slope,StepLength ~ C(AgeGroup) + Speed + I(Speed ** 2),REML
0.4177852348993289,Young,StepLength,0.37679835335956474,0.36363478085202494,0.38996192586710454,0.00671623183455021,correlated_random_intercept_speed_slope,StepLength ~ C(AgeGroup) + Speed + I(Speed ** 2),REML
0.42704697986577184,Young,StepLength,0.3802271718645863,0.36714439692303874,0.3933099468061339,0.006675007829094241,correlated_random_intercept_speed_slope,StepLength ~ C(AgeGroup) + Speed + I(Speed ** 2),REML
0.4363087248322148,Young,StepLength,0.38364618684655405,0.37064041256270125,0.39665196113040685,0.006635721057346304,correlated_random_intercept_speed_slope,StepLength ~ C(AgeGroup) + Speed + I(Speed ** 2),REML
0.4455704697986577,Young,StepLength,0.3870553983054679,0.37412288597546445,0.3999879106354714,0.006598341822611775,correlated_random_intercept_speed_slope,StepLength ~ C(AgeGroup) + Speed + I(Speed ** 2),REML
0.45483221476510066,Young,StepLength,0.39045480624132795,0.37759187781113923,0.40331773467151666,0.006562839180540989,correlated_random_intercept_speed_slope,StepLength ~ C(AgeGroup) + Speed + I(Speed ** 2),REML
0.46409395973154366,Young,StepLength,0.3938444106541342,0.3810474510591966,0.4066413702490719,0.0065291809930582536,correlated_random_intercept_speed_slope,StepLength ~ C(AgeGroup) + Speed + I(Speed ** 2),REML
0.4733557046979866,Young,StepLength,0.39722421154388654,0.38448967093237524,0.40995875215539784,0.006497333987746578,correlated_random_intercept_speed_slope,StepLength ~ C(AgeGroup) + Speed + I(Speed ** 2),REML
0.48261744966442954,Young,StepLength,0.4005942089105851,0.38791860474028517,0.41326981308088506,0.006467263822337283,correlated_random_intercept_speed_slope,StepLength ~ C(AgeGroup) + Speed + I(Speed ** 2),REML
0.4918791946308725,Young,StepLength,0.4039544027542299,0.391334321753781,0.41657448375467876,0.006438935153908173,correlated_random_intercept_speed_slope,StepLength ~ C(AgeGroup) + Speed + I(Speed ** 2),REML
0.5011409395973154,Young,StepLength,0.40730479307482076,0.39473689306096255,0.41987269308867897,0.006412311712354008,correlated_random_intercept_speed_slope,StepLength ~ C(AgeGroup) + Speed + I(Speed ** 2),REML
0.5104026845637584,Young,StepLength,0.4106453798723578,0.39812639141572365,0.4231643683289919,0.0063873563776591325,correlated_random_intercept_speed_slope,StepLength ~ C(AgeGroup) + Speed + I(Speed ** 2),REML
0.5196644295302013,Young,StepLength,0.41397616314684105,0.40150289107982373,0.42644943521385836,0.006364031260474627,correlated_random_intercept_speed_slope,StepLength ~ C(AgeGroup) + Speed + I(Speed ** 2),REML
0.5289261744966443,Young,StepLength,0.41729714289827047,0.40486646765949796,0.42972781813704297,0.006342297785481819,correlated_random_intercept_speed_slope,StepLength ~ C(AgeGroup) + Speed + I(Speed ** 2),REML
0.5381879194630872,Young,StepLength,0.420608319126646,0.40821719793764927,0.4329994403156427,0.00632211677701035,correlated_random_intercept_speed_slope,StepLength ~ C(AgeGroup) + Speed + I(Speed ** 2),REML
0.5474496644295301,Young,StepLength,0.4239096918319677,0.4115551597026765,0.4362642239612589,0.006303448546372381,correlated_random_intercept_speed_slope,StepLength ~ C(AgeGroup) + Speed + I(Speed ** 2),REML
0.5567114093959732,Young,StepLength,0.42720126101423567,0.41488043157499366,0.4395220904534777,0.006286252980374713,correlated_random_intercept_speed_slope,StepLength ~ C(AgeGroup) + Speed + I(Speed ** 2),REML
0.5659731543624161,Young,StepLength,0.4304830266734497,0.4181930928322817,0.4427729605146177,0.006270489630477606,correlated_random_intercept_speed_slope,StepLength ~ C(AgeGroup) + Speed + I(Speed ** 2),REML
0.5752348993288591,Young,StepLength,0.43375498880960994,0.4214932232344896,0.44601675438473026,0.006256117802081868,correlated_random_intercept_speed_slope,StepLength ~ C(AgeGroup) + Speed + I(Speed ** 2),REML
0.584496644295302,Young,StepLength,0.4370171474227164,0.42478090284956177,0.44925339199587105,0.0062430966434447776,correlated_random_intercept_speed_slope,StepLength ~ C(AgeGroup) + Speed + I(Speed ** 2),REML
0.593758389261745,Young,StepLength,0.440269502512769,0.42805621188082593,0.452482793144712,0.006231385233749157,correlated_random_intercept_speed_slope,StepLength ~ C(AgeGroup) + Speed + I(Speed ** 2),REML
0.6030201342281879,Young,StepLength,0.4435120540797677,0.431319230496918,0.45570487766261736,0.006220942669878173,correlated_random_intercept_speed_slope,StepLength ~ C(AgeGroup) + Speed + I(Speed ** 2),REML
0.6122818791946308,Young,StepLength,0.4467448021237126,0.43457003866505683,0.45891956558236835,0.006211728151480722,correlated_random_intercept_speed_slope,StepLength ~ C(AgeGroup) + Speed + I(Speed ** 2),REML
0.6215436241610738,Young,StepLength,0.4499677466446037,0.4378087159884144,0.462126777300793,0.0062037010639471885,correlated_random_intercept_speed_slope,StepLength ~ C(AgeGroup) + Speed + I(Speed ** 2),REML
0.6308053691275168,Young,StepLength,0.45318088764244097,0.4410353415482539,0.465326433736628,0.006196821058952915,correlated_random_intercept_speed_slope,StepLength ~ C(AgeGroup) + Speed + I(Speed ** 2),REML
0.6400671140939598,Young,StepLength,0.45638422511722443,0.44424999375142976,0.4685184564830191,0.00619104813226567,correlated_random_intercept_speed_slope,StepLength ~ C(AgeGroup) + Speed + I(Speed ** 2),REML
0.6493288590604027,Young,StepLength,0.45957775906895404,0.4474527501837674,0.4717027679541407,0.006186342698553231,correlated_random_intercept_speed_slope,StepLength ~ C(AgeGroup) + Speed + I(Speed ** 2),REML
0.6585906040268457,Young,StepLength,0.4627614894976297,0.4506436874697611,0.4748792915254983,0.0061826656629674105,correlated_random_intercept_speed_slope,StepLength ~ C(AgeGroup) + Speed + I(Speed ** 2),REML
0.6678523489932886,Young,StepLength,0.46593541640325165,0.4538228811389515,0.4780479516675518,0.00617997848932037,correlated_random_intercept_speed_slope,StepLength ~ C(AgeGroup) + Speed + I(Speed ** 2),REML
0.6771140939597315,Young,StepLength,0.4690995397858198,0.45699040549926495,0.48120867407237466,0.006178243264708021,correlated_random_intercept_speed_slope,StepLength ~ C(AgeGroup) + Speed + I(Speed ** 2),REML
0.6863758389261745,Young,StepLength,0.47225385964533406,0.46014633351753,0.48436138577313814,0.006177422760472484,correlated_random_intercept_speed_slope,StepLength ~ C(AgeGroup) + Speed + I(Speed ** 2),REML
0.6956375838926174,Young,StepLength,0.4753983759817944,0.4632907367073103,0.4875060152562785,0.006177480489431243,correlated_random_intercept_speed_slope,StepLength ~ C(AgeGroup) + Speed + I(Speed ** 2),REML
0.7048993288590604,Young,StepLength,0.47853308879520107,0.46642368502413134,0.4906424925662708,0.006178380759333934,correlated_random_intercept_speed_slope,StepLength ~ C(AgeGroup) + Speed + I(Speed ** 2),REML
0.7141610738255033,Young,StepLength,0.4816579980855538,0.469545246768116,0.49377074940299165,0.006180088722538616,correlated_random_intercept_speed_slope,StepLength ~ C(AgeGroup) + Speed + I(Speed ** 2),REML
0.7234228187919463,Young,StepLength,0.4847731038528528,0.47265548849399164,0.496890719211714,0.0061825704219278365,correlated_random_intercept_speed_slope,StepLength ~ C(AgeGroup) + Speed + I(Speed ** 2),REML
0.7326845637583892,Young,StepLength,0.4878784060970979,0.47575447492837597,0.5000023372658199,0.006185792833110178,correlated_random_intercept_speed_slope,StepLength ~ C(AgeGroup) + Speed + I(Speed ** 2),REML
0.7419463087248321,Young,StepLength,0.4909739048182891,0.4788422688942095,0.5031055407423687,0.006189723902975975,correlated_random_intercept_speed_slope,StepLength ~ C(AgeGroup) + Speed + I(Speed ** 2),REML
0.7512080536912751,Young,StepLength,0.49405960001642657,0.4819189312421606,0.5062002687906925,0.006194332584695428,correlated_random_intercept_speed_slope,StepLength ~ C(AgeGroup) + Speed + I(Speed ** 2),REML
0.7604697986577181,Young,StepLength,0.4971354916915102,0.4849845207887955,0.5092864625942249,0.006199588869264967,correlated_random_intercept_speed_slope,StepLength ~ C(AgeGroup) + Speed + I(Speed ** 2),REML
0.7697315436241611,Young,StepLength,0.50020157984354,0.4880390942612794,0.5123640654258006,0.006205463813721442,correlated_random_intercept_speed_slope,StepLength ~ C(AgeGroup) + Speed + I(Speed ** 2),REML
0.778993288590604,Young,StepLength,0.503257864472516,0.49108270624835065,0.5154330226966812,0.0062119295661560055,correlated_random_intercept_speed_slope,StepLength ~ C(AgeGroup) + Speed + I(Speed ** 2),REML
0.788255033557047,Young,StepLength,0.5063043455784382,0.494115409157291,0.5184932819995853,0.006218959387668308,correlated_random_intercept_speed_slope,StepLength ~ C(AgeGroup) + Speed + I(Speed ** 2),REML
0.7975167785234899,Young,StepLength,0.5093410231613064,0.49713725317660307,0.5215447931460097,0.006226527671408789,correlated_random_intercept_speed_slope,StepLength ~ C(AgeGroup) + Speed + I(Speed ** 2),REML
0.8067785234899328,Young,StepLength,0.5123678972211209,0.5001482862440978,0.5245875081981439,0.006234609958861391,correlated_random_intercept_speed_slope,StepLength ~ C(AgeGroup) + Speed + I(Speed ** 2),REML
0.8160402684563759,Young,StepLength,0.5153849677578815,0.5031485540200847,0.5276213814956782,0.006243182953521572,correlated_random_intercept_speed_slope,StepLength ~ C(AgeGroup) + Speed + I(Speed ** 2),REML
0.8253020134228188,Young,StepLength,0.5183922347715882,0.5061380998653643,0.5306463696778122,0.006252224532125613,correlated_random_intercept_speed_slope,StepLength ~ C(AgeGroup) + Speed + I(Speed ** 2),REML
0.8345637583892618,Young,StepLength,0.5213896982622412,0.509116964823713,0.5336624317007694,0.006261713753586238,correlated_random_intercept_speed_slope,StepLength ~ C(AgeGroup) + Speed + I(Speed ** 2),REML
0.8438255033557047,Young,StepLength,0.5243773582298404,0.5120851876085676,0.5366695288511133,0.006271630865787295,correlated_random_intercept_speed_slope,StepLength ~ C(AgeGroup) + Speed + I(Speed ** 2),REML
0.8530872483221477,Young,StepLength,0.5273552146743856,0.5150428045936091,0.5396676247551622,0.006281957310386988,correlated_random_intercept_speed_slope,StepLength ~ C(AgeGroup) + Speed + I(Speed ** 2),REML
0.8623489932885906,Young,StepLength,0.5303232675958771,0.5179898498069699,0.5426566853847843,0.006292675725774354,correlated_random_intercept_speed_slope,StepLength ~ C(AgeGroup) + Speed + I(Speed ** 2),REML
0.8716107382550335,Young,StepLength,0.5332815169943148,0.520926354928785,0.5456366790598446,0.006303769948318303,correlated_random_intercept_speed_slope,StepLength ~ C(AgeGroup) + Speed + I(Speed ** 2),REML
0.8808724832214765,Young,StepLength,0.5362299628696986,0.5238523492918293,0.5486075764475679,0.006315225012042191,correlated_random_intercept_speed_slope,StepLength ~ C(AgeGroup) + Speed + I(Speed ** 2),REML
0.8901342281879194,Young,StepLength,0.5391686052220285,0.526767859884995,0.551569350559062,0.006327027146850132,correlated_random_intercept_speed_slope,StepLength ~ C(AgeGroup) + Speed + I(Speed ** 2),REML
0.8993959731543624,Young,StepLength,0.5420974440513047,0.5296729113593732,0.5545219767432361,0.006339163775423717,correlated_random_intercept_speed_slope,StepLength ~ C(AgeGroup) + Speed + I(Speed ** 2),REML
0.9086577181208053,Young,StepLength,0.5450164793575271,0.5325675260367246,0.5574654326783295,0.006351623508900275,correlated_random_intercept_speed_slope,StepLength ~ C(AgeGroup) + Speed + I(Speed ** 2),REML
0.9179194630872483,Young,StepLength,0.5479257111406955,0.5354517239201362,0.5603996983612549,0.006364396141435573,correlated_random_intercept_speed_slope,StepLength ~ C(AgeGroup) + Speed + I(Speed ** 2),REML
0.9271812080536912,Young,StepLength,0.5508251394008101,0.5383255227066788,0.5633247560949415,0.006377472643745852,correlated_random_intercept_speed_slope,StepLength ~ C(AgeGroup) + Speed + I(Speed ** 2),REML
0.9364429530201342,Young,StepLength,0.553714764137871,0.5411889378018956,0.5662405904738465,0.006390845155715907,correlated_random_intercept_speed_slope,StepLength ~ C(AgeGroup) + Speed + I(Speed ** 2),REML
0.9457046979865772,Young,StepLength,0.5565945853518779,0.5440419823359655,0.5691471883677903,0.0064045069781515085,correlated_random_intercept_speed_slope,StepLength ~ C(AgeGroup) + Speed + I(Speed ** 2),REML
0.9549664429530201,Young,StepLength,0.5594646030428311,0.5468846671814093,0.5720445389042529,0.006418452563746453,correlated_random_intercept_speed_slope,StepLength ~ C(AgeGroup) + Speed + I(Speed ** 2),REML
0.9642281879194631,Young,StepLength,0.5623248172107305,0.5497170009722095,0.5749326334492514,0.006432677507326564,correlated_random_intercept_speed_slope,StepLength ~ C(AgeGroup) + Speed + I(Speed ** 2),REML
0.973489932885906,Young,StepLength,0.565175227855576,0.5525389901242433,0.5778114655869085,0.006447178535424936,correlated_random_intercept_speed_slope,StepLength ~ C(AgeGroup) + Speed + I(Speed ** 2),REML
0.982751677852349,Young,StepLength,0.5680158349773675,0.5553506388569336,0.5806810310978014,0.00646195349523532,correlated_random_intercept_speed_slope,StepLength ~ C(AgeGroup) + Speed + I(Speed ** 2),REML
0.9920134228187919,Young,StepLength,0.5708466385761054,0.5581519492160409,0.5835413279361699,0.006477001342983116,correlated_random_intercept_speed_slope,StepLength ~ C(AgeGroup) + Speed + I(Speed ** 2),REML
1.0012751677852347,Young,StepLength,0.5736676386517894,0.5609429210975342,0.5863923562060446,0.006492322131746361,correlated_random_intercept_speed_slope,StepLength ~ C(AgeGroup) + Speed + I(Speed ** 2),REML
1.010536912751678,Young,StepLength,0.5764788352044196,0.5637235522724886,0.5892341181363505,0.006507916998752526,correlated_random_intercept_speed_slope,StepLength ~ C(AgeGroup) + Speed + I(Speed ** 2),REML
1.0197986577181206,Young,StepLength,0.5792802282339958,0.5664938384129727,0.5920666180550189,0.006523788152170421,correlated_random_intercept_speed_slope,StepLength ~ C(AgeGroup) + Speed + I(Speed ** 2),REML
1.0290604026845638,Young,StepLength,0.5820718177405184,0.5692537731188995,0.5948898623621374,0.006539938857410666,correlated_random_intercept_speed_slope,StepLength ~ C(AgeGroup) + Speed + I(Speed ** 2),REML
1.0383221476510067,Young,StepLength,0.5848536037239872,0.5720033479458245,0.5977038595021499,0.0065563734229424075,correlated_random_intercept_speed_slope,StepLength ~ C(AgeGroup) + Speed + I(Speed ** 2),REML
1.0475838926174497,Young,StepLength,0.5876255861844019,0.5747425524336875,0.6005086199351162,0.006573097185628966,correlated_random_intercept_speed_slope,StepLength ~ C(AgeGroup) + Speed + I(Speed ** 2),REML
1.0568456375838926,Young,StepLength,0.5903877651217629,0.5774713741365026,0.6033041561070233,0.006590116495580116,correlated_random_intercept_speed_slope,StepLength ~ C(AgeGroup) + Speed + I(Speed ** 2),REML
1.0661073825503355,Young,StepLength,0.5931401405360701,0.5801897986530056,0.6060904824191347,0.006607438700514497,correlated_random_intercept_speed_slope,StepLength ~ C(AgeGroup) + Speed + I(Speed ** 2),REML
1.0753691275167785,Young,StepLength,0.5958827124273235,0.5828978096582852,0.6088676151963618,0.006625072129621538,correlated_random_intercept_speed_slope,StepLength ~ C(AgeGroup) + Speed + I(Speed ** 2),REML
1.0846308724832214,Young,StepLength,0.598615480795523,0.5855953889364208,0.6116355726546251,0.006643026076909054,correlated_random_intercept_speed_slope,StepLength ~ C(AgeGroup) + Speed + I(Speed ** 2),REML
1.0938926174496644,Young,StepLength,0.6013384456406686,0.5882825164141625,0.6143943748671747,0.006661310784019315,correlated_random_intercept_speed_slope,StepLength ~ C(AgeGroup) + Speed + I(Speed ** 2),REML
1.1031543624161073,Young,StepLength,0.6040516069627605,0.5909591701956907,0.6171440437298303,0.006679937422494152,correlated_random_intercept_speed_slope,StepLength ~ C(AgeGroup) + Speed + I(Speed ** 2),REML
1.1124161073825503,Young,StepLength,0.6067549647617986,0.5936253265984983,0.6198846029250988,0.006698918075467272,correlated_random_intercept_speed_slope,StepLength ~ C(AgeGroup) + Speed + I(Speed ** 2),REML
1.1216778523489932,Young,StepLength,0.6094485190377827,0.5962809601904421,0.6226160778851234,0.006718265718760471,correlated_random_intercept_speed_slope,StepLength ~ C(AgeGroup) + Speed + I(Speed ** 2),REML
1.1309395973154364,Young,StepLength,0.6121322697907131,0.5989260438280092,0.625338495753417,0.0067379942013592806,correlated_random_intercept_speed_slope,StepLength ~ C(AgeGroup) + Speed + I(Speed ** 2),REML
1.140201342281879,Young,StepLength,0.6148062170205896,0.6015605486958499,0.6280518853453293,0.006758118225242833,correlated_random_intercept_speed_slope,StepLength ~ C(AgeGroup) + Speed + I(Speed ** 2),REML
1.1494630872483222,Young,StepLength,0.6174703607274125,0.6041844443476263,0.6307562771071986,0.0067786533245425724,correlated_random_intercept_speed_slope,StepLength ~ C(AgeGroup) + Speed + I(Speed ** 2),REML
1.158724832214765,Young,StepLength,0.6201247009111812,0.6067976987482238,0.6334517030741387,0.006799615844004841,correlated_random_intercept_speed_slope,StepLength ~ C(AgeGroup) + Speed + I(Speed ** 2),REML
1.1679865771812081,Young,StepLength,0.6227692375718963,0.6094002783173773,0.6361381968264153,0.006821022916732979,correlated_random_intercept_speed_slope,StepLength ~ C(AgeGroup) + Speed + I(Speed ** 2),REML
1.1772483221476508,Young,StepLength,0.6254039707095574,0.6119921479747514,0.6388157934443635,0.006842892441186038,correlated_random_intercept_speed_slope,StepLength ~ C(AgeGroup) + Speed + I(Speed ** 2),REML
1.186510067114094,Young,StepLength,0.6280289003241649,0.6145732711865219,0.6414845294618079,0.006865243057412913,correlated_random_intercept_speed_slope,StepLength ~ C(AgeGroup) + Speed + I(Speed ** 2),REML
1.1957718120805367,Young,StepLength,0.6306440264157184,0.6171436100134906,0.6441444428179461,0.006888094122502901,correlated_random_intercept_speed_slope,StepLength ~ C(AgeGroup) + Speed + I(Speed ** 2),REML
1.20503355704698,Young,StepLength,0.633249348984218,0.6197031251607699,0.6467955728076662,0.006911465685236565,correlated_random_intercept_speed_slope,StepLength ~ C(AgeGroup) + Speed + I(Speed ** 2),REML
1.2142953020134226,Young,StepLength,0.6358448680296639,0.6222517760290581,0.6494379600302697,0.006935378459923903,correlated_random_intercept_speed_slope,StepLength ~ C(AgeGroup) + Speed + I(Speed ** 2),REML
1.2235570469798658,Young,StepLength,0.6384305835520561,0.6247895207675278,0.6520716463365843,0.006959853799420391,correlated_random_intercept_speed_slope,StepLength ~ C(AgeGroup) + Speed + I(Speed ** 2),REML
1.2328187919463087,Young,StepLength,0.6410064955513942,0.6273163163283338,0.6546966747744546,0.006984913667315733,correlated_random_intercept_speed_slope,StepLength ~ C(AgeGroup) + Speed + I(Speed ** 2),REML
1.2420805369127517,Young,StepLength,0.6435726040276787,0.6298321185227463,0.657313089532611,0.00701058060929465,correlated_random_intercept_speed_slope,StepLength ~ C(AgeGroup) + Speed + I(Speed ** 2),REML
1.2513422818791946,Young,StepLength,0.6461289089809091,0.6323368820788968,0.6599209358829214,0.007036877723673517,correlated_random_intercept_speed_slope,StepLength ~ C(AgeGroup) + Speed + I(Speed ** 2),REML
1.2606040268456375,Young,StepLength,0.6486754104110859,0.6348305607011226,0.6625202601210491,0.007063828631122648,correlated_random_intercept_speed_slope,StepLength ~ C(AgeGroup) + Speed + I(Speed ** 2),REML
1.2698657718120805,Young,StepLength,0.6512121083182087,0.6373131071308762,0.6651111095055413,0.007091457443588834,correlated_random_intercept_speed_slope,StepLength ~ C(AgeGroup) + Speed + I(Speed ** 2),REML
1.2791275167785234,Young,StepLength,0.6537390027022779,0.6397844732091633,0.6676935321953925,0.007119788732439027,correlated_random_intercept_speed_slope,StepLength ~ C(AgeGroup) + Speed + I(Speed ** 2),REML
1.2883892617449664,Young,StepLength,0.656256093563293,0.6422446099404535,0.6702675771861324,0.007148847495852063,correlated_random_intercept_speed_slope,StepLength ~ C(AgeGroup) + Speed + I(Speed ** 2),REML
1.2976510067114093,Young,StepLength,0.6587633809012544,0.6446934675580015,0.6728332942445073,0.007178659125491386,correlated_random_intercept_speed_slope,StepLength ~ C(AgeGroup) + Speed + I(Speed ** 2),REML
1.3069127516778523,Young,StepLength,0.661260864716162,0.6471309955904971,0.6753907338418268,0.007209249372498385,correlated_random_intercept_speed_slope,StepLength ~ C(AgeGroup) + Speed + I(Speed ** 2),REML
1.3161744966442952,Young,StepLength,0.6637485450080157,0.6495571429299603,0.6779399470860712,0.007240644312852382,correlated_random_intercept_speed_slope,StepLength ~ C(AgeGroup) + Speed + I(Speed ** 2),REML
1.3254362416107381,Young,StepLength,0.6662264217768156,0.6519718579007722,0.680480985652859,0.007272870312149411,correlated_random_intercept_speed_slope,StepLength ~ C(AgeGroup) + Speed + I(Speed ** 2),REML
1.334697986577181,Young,StepLength,0.6686944950225616,0.6543750883297312,0.683013901715392,0.007305953989859028,correlated_random_intercept_speed_slope,StepLength ~ C(AgeGroup) + Speed + I(Speed ** 2),REML
1.3439597315436242,Young,StepLength,0.671152764745254,0.6567667816170043,0.6855387478735037,0.007339922183124039,correlated_random_intercept_speed_slope,StepLength ~ C(AgeGroup) + Speed + I(Speed ** 2),REML
1.353221476510067,Young,StepLength,0.6736012309448923,0.6591468848078329,0.6880555770819518,0.007374801910174616,correlated_random_intercept_speed_slope,StepLength ~ C(AgeGroup) + Speed + I(Speed ** 2),REML
1.3624832214765101,Young,StepLength,0.6760398936214769,0.6615153446648464,0.6905644425781073,0.007410620333433801,correlated_random_intercept_speed_slope,StepLength ~ C(AgeGroup) + Speed + I(Speed ** 2),REML
1.3717449664429529,Young,StepLength,0.6784687527750076,0.6638721077408156,0.6930653978091996,0.0074474047223971815,correlated_random_intercept_speed_slope,StepLength ~ C(AgeGroup) + Speed + I(Speed ** 2),REML
1.381006711409396,Young,StepLength,0.6808878084054846,0.6662171204516782,0.6955584963592909,0.007485182416374394,correlated_random_intercept_speed_slope,StepLength ~ C(AgeGroup) + Speed + I(Speed ** 2),REML
1.3902684563758387,Young,StepLength,0.6832970605129076,0.6685503291496535,0.6980437918761617,0.007523980787185088,correlated_random_intercept_speed_slope,StepLength ~ C(AgeGroup) + Speed + I(Speed ** 2),REML
1.399530201342282,Young,StepLength,0.6856965090972769,0.6708716801962575,0.7005213379982962,0.007563827201905604,correlated_random_intercept_speed_slope,StepLength ~ C(AgeGroup) + Speed + I(Speed ** 2),REML
1.4087919463087246,Young,StepLength,0.6880861541585923,0.6731811200350218,0.7029911882821628,0.007604748985766817,correlated_random_intercept_speed_slope,StepLength ~ C(AgeGroup) + Speed + I(Speed ** 2),REML
1.4180536912751678,Young,StepLength,0.690465995696854,0.6754785952637155,0.7054533961299925,0.0076467733853056745,correlated_random_intercept_speed_slope,StepLength ~ C(AgeGroup) + Speed + I(Speed ** 2),REML
1.4273154362416105,Young,StepLength,0.6928360337120616,0.6777640527058617,0.7079080147182615,0.007689927531875969,correlated_random_intercept_speed_slope,StepLength ~ C(AgeGroup) + Speed + I(Speed ** 2),REML
1.4365771812080537,Young,StepLength,0.6951962682042155,0.6800374394813455,0.7103550969270855,0.007734238405624268,correlated_random_intercept_speed_slope,StepLength ~ C(AgeGroup) + Speed + I(Speed ** 2),REML
1.4458389261744964,Young,StepLength,0.6975466991733156,0.6822987030758941,0.712794695270737,0.007779732800039055,correlated_random_intercept_speed_slope,StepLength ~ C(AgeGroup) + Speed + I(Speed ** 2),REML
1.4551006711409395,Young,StepLength,0.6998873266193619,0.6845477914092297,0.7152268618294941,0.007826437287178979,correlated_random_intercept_speed_slope,StepLength ~ C(AgeGroup) + Speed + I(Speed ** 2),REML
1.4643624161073823,Young,StepLength,0.7022181505423544,0.6867846529016798,0.717651648183029,0.007874378183687046,correlated_random_intercept_speed_slope,StepLength ~ C(AgeGroup) + Speed + I(Speed ** 2),REML
1.4736241610738254,Young,StepLength,0.704539170942293,0.6890092365390444,0.7200691053455416,0.007923581517694577,correlated_random_intercept_speed_slope,StepLength ~ C(AgeGroup) + Speed + I(Speed ** 2),REML
1.4828859060402686,Young,StepLength,0.7068503878191778,0.6912214919355206,0.7224792837028349,0.007974072996716187,correlated_random_intercept_speed_slope,StepLength ~ C(AgeGroup) + Speed + I(Speed ** 2),REML
1.4921476510067113,Young,StepLength,0.7091518011730087,0.6934213693944921,0.7248822329515253,0.008025877976634387,correlated_random_intercept_speed_slope,StepLength ~ C(AgeGroup) + Speed + I(Speed ** 2),REML
1.5014093959731545,Young,StepLength,0.7114434110037858,0.6956088199669996,0.727278002040572,0.00807902143186682,correlated_random_intercept_speed_slope,StepLength ~ C(AgeGroup) + Speed + I(Speed ** 2),REML
1.5106711409395972,Young,StepLength,0.7137252173115091,0.6977837955077199,0.7296666391152983,0.008133527926805346,correlated_random_intercept_speed_slope,StepLength ~ C(AgeGroup) + Speed + I(Speed ** 2),REML
1.5199328859060404,Young,StepLength,0.7159972200961785,0.6999462487282887,0.7320481914640683,0.008189421588609712,correlated_random_intercept_speed_slope,StepLength ~ C(AgeGroup) + Speed + I(Speed ** 2),REML
1.529194630872483,Young,StepLength,0.718259419357794,0.7020961332478194,0.7344227054677687,0.008246726081432407,correlated_random_intercept_speed_slope,StepLength ~ C(AgeGroup) + Speed + I(Speed ** 2),REML
1.5384563758389262,Young,StepLength,0.720511815096356,0.7042334036404803,0.7367902265522317,0.008305464582144234,correlated_random_intercept_speed_slope,StepLength ~ C(AgeGroup) + Speed + I(Speed ** 2),REML
1.547718120805369,Young,StepLength,0.7227544073118638,0.7063580154800077,0.73915079914372,0.008365659757622495,correlated_random_intercept_speed_slope,StepLength ~ C(AgeGroup) + Speed + I(Speed ** 2),REML
1.5569798657718121,Young,StepLength,0.7249871960043179,0.7084699253810529,0.741504466627583,0.008427333743656056,correlated_random_intercept_speed_slope,StepLength ~ C(AgeGroup) + Speed + I(Speed ** 2),REML
1.5662416107382549,Young,StepLength,0.7272101811737182,0.7105690910372686,0.7438512713101677,0.008490508125512672,correlated_random_intercept_speed_slope,StepLength ~ C(AgeGroup) + Speed + I(Speed ** 2),REML
1.575503355704698,Young,StepLength,0.7294233628200647,0.7126554712560654,0.746191254384064,0.008555203920205824,correlated_random_intercept_speed_slope,StepLength ~ C(AgeGroup) + Speed + I(Speed ** 2),REML
1.5847651006711407,Young,StepLength,0.7316267409433573,0.714729025989982,0.7485244558967327,0.008621441560489029,correlated_random_intercept_speed_slope,StepLength ~ C(AgeGroup) + Speed + I(Speed ** 2),REML
1.594026845637584,Young,StepLength,0.7338203155435961,0.7167897163646327,0.7508509147225594,0.00868924088059704,correlated_random_intercept_speed_slope,StepLength ~ C(AgeGroup) + Speed + I(Speed ** 2),REML
1.6032885906040266,Young,StepLength,0.736004086620781,0.7188375047032103,0.7531706685383517,0.008758621103743994,correlated_random_intercept_speed_slope,StepLength ~ C(AgeGroup) + Speed + I(Speed ** 2),REML
1.6125503355704698,Young,StepLength,0.7381780541749122,0.7208723545475424,0.755483753802282,0.008829600831380058,correlated_random_intercept_speed_slope,StepLength ~ C(AgeGroup) + Speed + I(Speed ** 2),REML
1.6218120805369125,Young,StepLength,0.7403422182059894,0.7228942306757162,0.7577902057362627,0.008902198034198965,correlated_random_intercept_speed_slope,StepLength ~ C(AgeGroup) + Speed + I(Speed ** 2),REML
1.6310738255033557,Young,StepLength,0.7424965787140129,0.7249030991163038,0.7600900583117219,0.008976430044880518,correlated_random_intercept_speed_slope,StepLength ~ C(AgeGroup) + Speed + I(Speed ** 2),REML
1.6403355704697984,Young,StepLength,0.7446411356989825,0.7268989271592318,0.7623833442387332,0.00905231355254431,correlated_random_intercept_speed_slope,StepLength ~ C(AgeGroup) + Speed + I(Speed ** 2),REML
1.6495973154362416,Young,StepLength,0.7467758891608984,0.7288816833633625,0.7646700949584344,0.009129864598882008,correlated_random_intercept_speed_slope,StepLength ~ C(AgeGroup) + Speed + I(Speed ** 2),REML
1.6588590604026843,Young,StepLength,0.7489008390997604,0.7308513375608595,0.7669503406386612,0.009209098575929478,correlated_random_intercept_speed_slope,StepLength ~ C(AgeGroup) + Speed + I(Speed ** 2),REML
1.6681208053691274,Young,StepLength,0.7510159855155686,0.7328078608584329,0.7692241101727043,0.009290030225432242,correlated_random_intercept_speed_slope,StepLength ~ C(AgeGroup) + Speed + I(Speed ** 2),REML
1.6773825503355706,Young,StepLength,0.7531213284083228,0.7347512256355617,0.7714914311810839,0.009372673639751585,correlated_random_intercept_speed_slope,StepLength ~ C(AgeGroup) + Speed + I(Speed ** 2),REML
1.6866442953020133,Young,StepLength,0.7552168677780233,0.7366814055398139,0.7737523300162328,0.00945704226425324,correlated_random_intercept_speed_slope,StepLength ~ C(AgeGroup) + Speed + I(Speed ** 2),REML
1.6959060402684565,Young,StepLength,0.75730260362467,0.7385983754793817,0.7760068317699582,0.00954314890111494,correlated_random_intercept_speed_slope,StepLength ~ C(AgeGroup) + Speed + I(Speed ** 2),REML
1.7051677852348992,Young,StepLength,0.7593785359482628,0.7405021116129729,0.7782549602835527,0.00963100571448495,correlated_random_intercept_speed_slope,StepLength ~ C(AgeGroup) + Speed + I(Speed ** 2),REML
1.7144295302013424,Young,StepLength,0.7614446647488018,0.7423925913371923,0.7804967381604113,0.009720624236919585,correlated_random_intercept_speed_slope,StepLength ~ C(AgeGroup) + Speed + I(Speed ** 2),REML
1.723691275167785,Young,StepLength,0.7635009900262868,0.7442697932715647,0.7827321867810089,0.009812015377024919,correlated_random_intercept_speed_slope,StepLength ~ C(AgeGroup) + Speed + I(Speed ** 2),REML
1.7329530201342283,Young,StepLength,0.7655475117807182,0.7461336972413508,0.7849613263200856,0.009905189428224768,correlated_random_intercept_speed_slope,StepLength ~ C(AgeGroup) + Speed + I(Speed ** 2),REML
1.742214765100671,Young,StepLength,0.7675842300120956,0.7479842842583087,0.7871841757658826,0.01000015607857537,correlated_random_intercept_speed_slope,StepLength ~ C(AgeGroup) + Speed + I(Speed ** 2),REML
1.7514765100671141,Young,StepLength,0.7696111447204192,0.7498215364995652,0.7894007529412733,0.01009692442154649,correlated_random_intercept_speed_slope,StepLength ~ C(AgeGroup) + Speed + I(Speed ** 2),REML
1.7607382550335569,Young,StepLength,0.7716282559056891,0.7516454372847523,0.7916110745266258,0.010195502967686473,correlated_random_intercept_speed_slope,StepLength ~ C(AgeGroup) + Speed + I(Speed ** 2),REML
1.77,Young,StepLength,0.7736355635679052,0.7534559710515695,0.7938151560842409,0.010295899657090546,correlated_random_intercept_speed_slope,StepLength ~ C(AgeGroup) + Speed + I(Speed ** 2),REML
0.42,Older,StepLength,0.3451861381880305,0.33175087194433106,0.35862140443172996,0.006854853634901,correlated_random_intercept_speed_slope,StepLength ~ C(AgeGroup) + Speed + I(Speed ** 2),REML
0.42845637583892615,Older,StepLength,0.3483150472712003,0.3349518512507932,0.36167824329160736,0.006818082437133666,correlated_random_intercept_speed_slope,StepLength ~ C(AgeGroup) + Speed + I(Speed ** 2),REML
0.4369127516778523,Older,StepLength,0.35143578366312855,0.3381415531773942,0.3647300141488629,0.006782895293279636,correlated_random_intercept_speed_slope,StepLength ~ C(AgeGroup) + Speed + I(Speed ** 2),REML
0.4453691275167785,Older,StepLength,0.35454834736381546,0.3413200227704977,0.3677766719571332,0.006749269220078052,correlated_random_intercept_speed_slope,StepLength ~ C(AgeGroup) + Speed + I(Speed ** 2),REML
0.4538255033557047,Older,StepLength,0.35765273837326084,0.3444873066560388,0.37081817009048285,0.006717180428349311,correlated_random_intercept_speed_slope,StepLength ~ C(AgeGroup) + Speed + I(Speed ** 2),REML
0.4622818791946309,Older,StepLength,0.36074895669146473,0.3476434529712454,0.3738544604116841,0.006686604357832032,correlated_random_intercept_speed_slope,StepLength ~ C(AgeGroup) + Speed + I(Speed ** 2),REML
0.47073825503355704,Older,StepLength,0.3638370023184271,0.35078851129082167,0.3768854933460325,0.006657515714844882,correlated_random_intercept_speed_slope,StepLength ~ C(AgeGroup) + Speed + I(Speed ** 2),REML
0.4791946308724832,Older,StepLength,0.36691687525414807,0.35392253254795625,0.3799112179603399,0.006629888512589786,correlated_random_intercept_speed_slope,StepLength ~ C(AgeGroup) + Speed + I(Speed ** 2),REML
0.4876510067114094,Older,StepLength,0.36998857549862757,0.35704556895054723,0.3829315820467079,0.006603696113894511,correlated_random_intercept_speed_slope,StepLength ~ C(AgeGroup) + Speed + I(Speed ** 2),REML
0.4961073825503356,Older,StepLength,0.37305210305186554,0.36015767389307546,0.3859465322106556,0.006578911276176347,correlated_random_intercept_speed_slope,StepLength ~ C(AgeGroup) + Speed + I(Speed ** 2),REML
0.5045637583892617,Older,StepLength,0.37610745791386213,0.36325890186457926,0.388956013963145,0.006555506198394782,correlated_random_intercept_speed_slope,StepLength ~ C(AgeGroup) + Speed + I(Speed ** 2),REML
0.5130201342281879,Older,StepLength,0.37915464008461713,0.36634930835320684,0.39195997181602743,0.006533452569749801,correlated_random_intercept_speed_slope,StepLength ~ C(AgeGroup) + Speed + I(Speed ** 2),REML
0.5214765100671142,Older,StepLength,0.38219364956413077,0.36942894974784257,0.39495834938041896,0.006512721619873897,correlated_random_intercept_speed_slope,StepLength ~ C(AgeGroup) + Speed + I(Speed ** 2),REML
0.5299328859060403,Older,StepLength,0.3852244863524028,0.37249788323730904,0.3979510894674966,0.006493284170260049,correlated_random_intercept_speed_slope,StepLength ~ C(AgeGroup) + Speed + I(Speed ** 2),REML
0.5383892617449665,Older,StepLength,0.3882471504494335,0.37555616670766,0.40093813419120694,0.006475110686664821,correlated_random_intercept_speed_slope,StepLength ~ C(AgeGroup) + Speed + I(Speed ** 2),REML
0.5468456375838926,Older,StepLength,0.3912616418552226,0.3786038586380719,0.40391942507237333,0.006458171332225341,correlated_random_intercept_speed_slope,StepLength ~ C(AgeGroup) + Speed + I(Speed ** 2),REML
0.5553020134228188,Older,StepLength,0.39426796056977026,0.38164101799584565,0.40689490314369486,0.006442436021031151,correlated_random_intercept_speed_slope,StepLength ~ C(AgeGroup) + Speed + I(Speed ** 2),REML
0.5637583892617449,Older,StepLength,0.3972661065930765,0.3846677041310147,0.40986450905513827,0.006427874471896609,correlated_random_intercept_speed_slope,StepLength ~ C(AgeGroup) + Speed + I(Speed ** 2),REML
0.5722147651006712,Older,StepLength,0.40025607992514123,0.38768397667104426,0.4128281831792382,0.0064144562620865025,correlated_random_intercept_speed_slope,StepLength ~ C(AgeGroup) + Speed + I(Speed ** 2),REML
0.5806711409395973,Older,StepLength,0.4032378805659645,0.3906898954160899,0.4157858657158391,0.006402150880756752,correlated_random_intercept_speed_slope,StepLength ~ C(AgeGroup) + Speed + I(Speed ** 2),REML
0.5891275167785235,Older,StepLength,0.4062115085155463,0.3936855202352591,0.41873749679583355,0.006390927781883054,correlated_random_intercept_speed_slope,StepLength ~ C(AgeGroup) + Speed + I(Speed ** 2),REML
0.5975838926174497,Older,StepLength,0.40917696377388657,0.39667091096429674,0.4216830165834764,0.006380756436463094,correlated_random_intercept_speed_slope,StepLength ~ C(AgeGroup) + Speed + I(Speed ** 2),REML
0.6060402684563758,Older,StepLength,0.4121342463409854,0.3996461273050873,0.42462236537688347,0.006371606383792132,correlated_random_intercept_speed_slope,StepLength ~ C(AgeGroup) + Speed + I(Speed ** 2),REML
0.614496644295302,Older,StepLength,0.41508335621684284,0.4026112287273346,0.42755548370635105,0.00636344728162699,correlated_random_intercept_speed_slope,StepLength ~ C(AgeGroup) + Speed + I(Speed ** 2),REML
0.6229530201342282,Older,StepLength,0.4180242934014587,0.4055662743727514,0.430482312430166,0.006356248955069862,correlated_random_intercept_speed_slope,StepLength ~ C(AgeGroup) + Speed + I(Speed ** 2),REML
0.6314093959731544,Older,StepLength,0.4209570578948332,0.4085113229620562,0.43340279282761013,0.006349981444020058,correlated_random_intercept_speed_slope,StepLength ~ C(AgeGroup) + Speed + I(Speed ** 2),REML
0.6398657718120806,Older,StepLength,0.42388164969696607,0.411446432705039,0.43631686668889313,0.0063446150490592945,correlated_random_intercept_speed_slope,StepLength ~ C(AgeGroup) + Speed + I(Speed ** 2),REML
0.6483221476510067,Older,StepLength,0.4267980688078575,0.4143716612139282,0.43922447640178675,0.006340120375653429,correlated_random_intercept_speed_slope,StepLength ~ C(AgeGroup) + Speed + I(Speed ** 2),REML
0.6567785234899329,Older,StepLength,0.4297063152275076,0.4172870654202513,0.44212556503476386,0.006336468376571061,correlated_random_intercept_speed_slope,StepLength ~ C(AgeGroup) + Speed + I(Speed ** 2),REML
0.665234899328859,Older,StepLength,0.432606388955916,0.4201927014953521,0.44502007641647995,0.006333630392436552,correlated_random_intercept_speed_slope,StepLength ~ C(AgeGroup) + Speed + I(Speed ** 2),REML
0.6736912751677853,Older,StepLength,0.43549828999308315,0.42308862477469455,0.44790795521147175,0.006331578190351699,correlated_random_intercept_speed_slope,StepLength ~ C(AgeGroup) + Speed + I(Speed ** 2),REML
0.6821476510067115,Older,StepLength,0.4383820183390087,0.425974889686047,0.45078914699197037,0.006330284000536503,correlated_random_intercept_speed_slope,StepLength ~ C(AgeGroup) + Speed + I(Speed ** 2),REML
0.6906040268456376,Older,StepLength,0.44125757399369275,0.42885154968161837,0.45366359830576714,0.006329720550954784,correlated_random_intercept_speed_slope,StepLength ~ C(AgeGroup) + Speed + I(Speed ** 2),REML
0.6990604026845637,Older,StepLength,0.44412495695713544,0.43171865717418056,0.4565312567400903,0.0063298610999049975,correlated_random_intercept_speed_slope,StepLength ~ C(AgeGroup) + Speed + I(Speed ** 2),REML
0.7075167785234899,Older,StepLength,0.44698416722933654,0.43457626347719175,0.4593920709814813,0.006330679466570164,correlated_random_intercept_speed_slope,StepLength ~ C(AgeGroup) + Speed + I(Speed ** 2),REML
0.7159731543624162,Older,StepLength,0.4498352048102963,0.43742441874890775,0.4622459908716849,0.006332150059533382,correlated_random_intercept_speed_slope,StepLength ~ C(AgeGroup) + Speed + I(Speed ** 2),REML
0.7244295302013424,Older,StepLength,0.45267806970001445,0.4402631719404432,0.4650929674595857,0.006334247903277008,correlated_random_intercept_speed_slope,StepLength ~ C(AgeGroup) + Speed + I(Speed ** 2),REML
0.7328859060402685,Older,StepLength,0.45551276189849116,0.4430925707477319,0.4679329530492504,0.006336948662693867,correlated_random_intercept_speed_slope,StepLength ~ C(AgeGroup) + Speed + I(Speed ** 2),REML
0.7413422818791946,Older,StepLength,0.4583392814057265,0.4459126615673076,0.4707659012441454,0.0063402286656481874,correlated_random_intercept_speed_slope,StepLength ~ C(AgeGroup) + Speed + I(Speed ** 2),REML
0.7497986577181208,Older,StepLength,0.46115762822172024,0.44872348945581714,0.47359176698762334,0.006344064923632266,correlated_random_intercept_speed_slope,StepLength ~ C(AgeGroup) + Speed + I(Speed ** 2),REML
0.758255033557047,Older,StepLength,0.4639678023464726,0.45152509809316393,0.4764105065997813,0.006348435150571728,correlated_random_intercept_speed_slope,StepLength ~ C(AgeGroup) + Speed + I(Speed ** 2),REML
0.7667114093959732,Older,StepLength,0.4667698037799834,0.45431752974916195,0.47922207781080484,0.006353317779838516,correlated_random_intercept_speed_slope,StepLength ~ C(AgeGroup) + Speed + I(Speed ** 2),REML
0.7751677852348994,Older,StepLength,0.46956363252225275,0.4571008252535795,0.482026439790926,0.006358691979535505,correlated_random_intercept_speed_slope,StepLength ~ C(AgeGroup) + Speed + I(Speed ** 2),REML
0.7836241610738255,Older,StepLength,0.4723492885732807,0.4598750239694351,0.4848235531771263,0.006364537666120901,correlated_random_intercept_speed_slope,StepLength ~ C(AgeGroup) + Speed + I(Speed ** 2),REML
0.7920805369127517,Older,StepLength,0.47512677193306707,0.4626401637694095,0.48761338009672467,0.006370835516443361,correlated_random_intercept_speed_slope,StepLength ~ C(AgeGroup) + Speed + I(Speed ** 2),REML
0.8005369127516779,Older,StepLength,0.4778960826016121,0.4653962810152279,0.4903958841879963,0.006377566978261361,correlated_random_intercept_speed_slope,StepLength ~ C(AgeGroup) + Speed + I(Speed ** 2),REML
0.808993288590604,Older,StepLength,0.48065722057891547,0.46814341053986697,0.49317103061796397,0.006384714279321362,correlated_random_intercept_speed_slope,StepLength ~ C(AgeGroup) + Speed + I(Speed ** 2),REML
0.8174496644295302,Older,StepLength,0.48341018586497747,0.4708815856324393,0.4959387860975156,0.006392260435070317,correlated_random_intercept_speed_slope,StepLength ~ C(AgeGroup) + Speed + I(Speed ** 2),REML
0.8259060402684564,Older,StepLength,0.48615497845979805,0.4736108380256052,0.4986991188939909,0.006400189255077864,correlated_random_intercept_speed_slope,StepLength ~ C(AgeGroup) + Speed + I(Speed ** 2),REML
0.8343624161073826,Older,StepLength,0.48889159836337703,0.47633119788536804,0.501451998841386,0.0064084853482430535,correlated_random_intercept_speed_slope,StepLength ~ C(AgeGroup) + Speed + I(Speed ** 2),REML
0.8428187919463088,Older,StepLength,0.4916200455757147,0.4790426938031079,0.5041973973483216,0.006417134126859153,correlated_random_intercept_speed_slope,StepLength ~ C(AgeGroup) + Speed + I(Speed ** 2),REML
0.8512751677852349,Older,StepLength,0.4943403200968107,0.4817453527897104,0.506935287403911,0.006426121809608646,correlated_random_intercept_speed_slope,StepLength ~ C(AgeGroup) + Speed + I(Speed ** 2),REML
0.859731543624161,Older,StepLength,0.4970524219266653,0.4844392002716577,0.509665643581673,0.006435435423558342,correlated_random_intercept_speed_slope,StepLength ~ C(AgeGroup) + Speed + I(Speed ** 2),REML
0.8681879194630873,Older,StepLength,0.49975635106527855,0.48712426008894466,0.5123884420416124,0.006445062805222037,correlated_random_intercept_speed_slope,StepLength ~ C(AgeGroup) + Speed + I(Speed ** 2),REML
0.8766442953020135,Older,StepLength,0.5024521075126502,0.4898005544946965,0.515103660530604,0.006454992600755716,correlated_random_intercept_speed_slope,StepLength ~ C(AgeGroup) + Speed + I(Speed ** 2),REML
0.8851006711409397,Older,StepLength,0.5051396912687804,0.4924681041563658,0.517811278381195,0.0064652142653469505,correlated_random_intercept_speed_slope,StepLength ~ C(AgeGroup) + Speed + I(Speed ** 2),REML
0.8935570469798658,Older,StepLength,0.5078191023336691,0.49512692815839354,0.5205112765089447,0.006475718061857182,correlated_random_intercept_speed_slope,StepLength ~ C(AgeGroup) + Speed + I(Speed ** 2),REML
0.9020134228187919,Older,StepLength,0.5104903407073164,0.4977770440062256,0.5232036374084071,0.006486495058772334,correlated_random_intercept_speed_slope,StepLength ~ C(AgeGroup) + Speed + I(Speed ** 2),REML
0.9104697986577182,Older,StepLength,0.5131534063897222,0.5004184676315844,0.52588834514786,0.0064975371275132685,correlated_random_intercept_speed_slope,StepLength ~ C(AgeGroup) + Speed + I(Speed ** 2),REML
0.9189261744966444,Older,StepLength,0.5158082993808865,0.5030512133988994,0.5285653853628736,0.006508836939154705,correlated_random_intercept_speed_slope,StepLength ~ C(AgeGroup) + Speed + I(Speed ** 2),REML
0.9273825503355706,Older,StepLength,0.5184550196808093,0.5056752941128108,0.5312347452488079,0.006520387960596903,correlated_random_intercept_speed_slope,StepLength ~ C(AgeGroup) + Speed + I(Speed ** 2),REML
0.9358389261744966,Older,StepLength,0.5210935672894907,0.5082907210266644,0.5338964135523171,0.006532184450231505,correlated_random_intercept_speed_slope,StepLength ~ C(AgeGroup) + Speed + I(Speed ** 2),REML
0.9442953020134228,Older,StepLength,0.5237239422069305,0.5108975038519246,0.5365503805619365,0.006544221453138555,correlated_random_intercept_speed_slope,StepLength ~ C(AgeGroup) + Speed + I(Speed ** 2),REML
0.952751677852349,Older,StepLength,0.526346144433129,0.5134956507684412,0.5391966380978168,0.006556494795848743,correlated_random_intercept_speed_slope,StepLength ~ C(AgeGroup) + Speed + I(Speed ** 2),REML
0.9612080536912753,Older,StepLength,0.5289601739680859,0.5160851684355071,0.5418351795006647,0.006569001080701103,correlated_random_intercept_speed_slope,StepLength ~ C(AgeGroup) + Speed + I(Speed ** 2),REML
0.9696644295302015,Older,StepLength,0.5315660308118014,0.5186660620036586,0.5444659996199442,0.00658173767982275,correlated_random_intercept_speed_slope,StepLength ~ C(AgeGroup) + Speed + I(Speed ** 2),REML
0.9781208053691275,Older,StepLength,0.5341637149642754,0.521238335127169,0.5470890948013818,0.006594702728754287,correlated_random_intercept_speed_slope,StepLength ~ C(AgeGroup) + Speed + I(Speed ** 2),REML
0.9865771812080537,Older,StepLength,0.5367532264255079,0.5238019899771981,0.5497044628738178,0.0066078951197407355,correlated_random_intercept_speed_slope,StepLength ~ C(AgeGroup) + Speed + I(Speed ** 2),REML
0.9950335570469799,Older,StepLength,0.539334565195499,0.5263570272555642,0.5523121031354339,0.006621314494705022,correlated_random_intercept_speed_slope,StepLength ~ C(AgeGroup) + Speed + I(Speed ** 2),REML
1.0034899328859062,Older,StepLength,0.5419077312742485,0.5289034462091103,0.5549120163393867,0.006634961237917791,correlated_random_intercept_speed_slope,StepLength ~ C(AgeGroup) + Speed + I(Speed ** 2),REML
1.0119463087248322,Older,StepLength,0.5444727246617566,0.531441244644646,0.5575042046788671,0.006648836468374492,correlated_random_intercept_speed_slope,StepLength ~ C(AgeGroup) + Speed + I(Speed ** 2),REML
1.0204026845637584,Older,StepLength,0.5470295453580233,0.5339704189444451,0.5600886717716015,0.006662942031887793,correlated_random_intercept_speed_slope,StepLength ~ C(AgeGroup) + Speed + I(Speed ** 2),REML
1.0288590604026846,Older,StepLength,0.5495781933630484,0.5364909640822907,0.562665422643806,0.006677280492900901,correlated_random_intercept_speed_slope,StepLength ~ C(AgeGroup) + Speed + I(Speed ** 2),REML
1.0373154362416108,Older,StepLength,0.5521186686768321,0.539002873640064,0.5652344637136002,0.006691855126024672,correlated_random_intercept_speed_slope,StepLength ~ C(AgeGroup) + Speed + I(Speed ** 2),REML
1.045771812080537,Older,StepLength,0.5546509712993742,0.5415061398248692,0.5677958027738793,0.006706669907299233,correlated_random_intercept_speed_slope,StepLength ~ C(AgeGroup) + Speed + I(Speed ** 2),REML
1.054228187919463,Older,StepLength,0.5571751012306749,0.5440007534867044,0.5703494489746455,0.0067217295051787,correlated_random_intercept_speed_slope,StepLength ~ C(AgeGroup) + Speed + I(Speed ** 2),REML
1.0626845637583893,Older,StepLength,0.5596910584707343,0.5464867041366811,0.5728954128047875,0.0067370392712353296,correlated_random_intercept_speed_slope,StepLength ~ C(AgeGroup) + Speed + I(Speed ** 2),REML
1.0711409395973155,Older,StepLength,0.562198843019552,0.5489639799658024,0.5754337060733017,0.006752605230577993,correlated_random_intercept_speed_slope,StepLength ~ C(AgeGroup) + Speed + I(Speed ** 2),REML
1.0795973154362417,Older,StepLength,0.5646984548771284,0.5514325678643179,0.577964341889939,0.006768434071977911,correlated_random_intercept_speed_slope,StepLength ~ C(AgeGroup) + Speed + I(Speed ** 2),REML
1.088053691275168,Older,StepLength,0.5671898940434632,0.5538924534416656,0.5804873346452608,0.006784533137693391,correlated_random_intercept_speed_slope,StepLength ~ C(AgeGroup) + Speed + I(Speed ** 2),REML
1.096510067114094,Older,StepLength,0.5696731605185565,0.5563436210470251,0.583002699990088,0.006800910412983683,correlated_random_intercept_speed_slope,StepLength ~ C(AgeGroup) + Speed + I(Speed ** 2),REML
1.1049664429530202,Older,StepLength,0.5721482543024085,0.5587860537904993,0.5855104548143176,0.006817574515301548,correlated_random_intercept_speed_slope,StepLength ~ C(AgeGroup) + Speed + I(Speed ** 2),REML
1.1134228187919464,Older,StepLength,0.5746151753950188,0.56121973356495,0.5880106172250876,0.006834534683152514,correlated_random_intercept_speed_slope,StepLength ~ C(AgeGroup) + Speed + I(Speed ** 2),REML
1.1218791946308726,Older,StepLength,0.5770739237963878,0.5636446410685104,0.5905032065242651,0.006851800764608834,correlated_random_intercept_speed_slope,StepLength ~ C(AgeGroup) + Speed + I(Speed ** 2),REML
1.1303355704697988,Older,StepLength,0.5795244995065152,0.5660607558277992,0.5929882431852311,0.006869383205465137,correlated_random_intercept_speed_slope,StepLength ~ C(AgeGroup) + Speed + I(Speed ** 2),REML
1.1387919463087248,Older,StepLength,0.5819669025254012,0.5684680562218634,0.595465748828939,0.006887293037022628,correlated_random_intercept_speed_slope,StepLength ~ C(AgeGroup) + Speed + I(Speed ** 2),REML
1.147248322147651,Older,StepLength,0.5844011328530458,0.5708665195068743,0.5979357461992174,0.006905541863488732,correlated_random_intercept_speed_slope,StepLength ~ C(AgeGroup) + Speed + I(Speed ** 2),REML
1.1557046979865773,Older,StepLength,0.5868271904894488,0.5732561218416035,0.600398259137294,0.006924141848978959,correlated_random_intercept_speed_slope,StepLength ~ C(AgeGroup) + Speed + I(Speed ** 2),REML
1.1641610738255035,Older,StepLength,0.5892450754346104,0.5756368383137036,0.6028533125555171,0.00694310570410821,correlated_random_intercept_speed_slope,StepLength ~ C(AgeGroup) + Speed + I(Speed ** 2),REML
1.1726174496644295,Older,StepLength,0.5916547876885305,0.5780086429668176,0.6053009324102434,0.0069624466721592325,correlated_random_intercept_speed_slope,StepLength ~ C(AgeGroup) + Speed + I(Speed ** 2),REML
1.1810738255033557,Older,StepLength,0.594056327251209,0.580371508828539,0.607741145673879,0.006982178514816665,correlated_random_intercept_speed_slope,StepLength ~ C(AgeGroup) + Speed + I(Speed ** 2),REML
1.189530201342282,Older,StepLength,0.5964496941226463,0.5827254079392461,0.6101739803060464,0.007002315497455874,correlated_random_intercept_speed_slope,StepLength ~ C(AgeGroup) + Speed + I(Speed ** 2),REML
1.1979865771812082,Older,StepLength,0.598834888302842,0.5850703113818252,0.6125994652238589,0.007022872373977323,correlated_random_intercept_speed_slope,StepLength ~ C(AgeGroup) + Speed + I(Speed ** 2),REML
1.2064429530201344,Older,StepLength,0.6012119097917962,0.5874061893123025,0.6150176302712899,0.007043864371177974,correlated_random_intercept_speed_slope,StepLength ~ C(AgeGroup) + Speed + I(Speed ** 2),REML
1.2148993288590604,Older,StepLength,0.6035807585895089,0.5897330109913962,0.6174285061876216,0.0070653071726531486,correlated_random_intercept_speed_slope,StepLength ~ C(AgeGroup) + Speed + I(Speed ** 2),REML
1.2233557046979866,Older,StepLength,0.60594143469598,0.5920507448169975,0.6198321245749626,0.0070872169022240085,correlated_random_intercept_speed_slope,StepLength ~ C(AgeGroup) + Speed + I(Speed ** 2),REML
1.2318120805369128,Older,StepLength,0.6082939381112099,0.5943593583575891,0.6222285178648307,0.007109610106887152,correlated_random_intercept_speed_slope,StepLength ~ C(AgeGroup) + Speed + I(Speed ** 2),REML
1.240268456375839,Older,StepLength,0.6106382688351983,0.5966588183866008,0.6246177192837958,0.00713250373928584,correlated_random_intercept_speed_slope,StepLength ~ C(AgeGroup) + Speed + I(Speed ** 2),REML
1.2487248322147653,Older,StepLength,0.612974426867945,0.598949090917701,0.626999762818189,0.007155915139703626,correlated_random_intercept_speed_slope,StepLength ~ C(AgeGroup) + Speed + I(Speed ** 2),REML
1.2571812080536913,Older,StepLength,0.6153024122094504,0.6012301412410183,0.6293746831778825,0.0071798620175841715,correlated_random_intercept_speed_slope,StepLength ~ C(AgeGroup) + Speed + I(Speed ** 2),REML
1.2656375838926175,Older,StepLength,0.6176222248597142,0.6035019339602774,0.631742515759151,0.00720436243258336,correlated_random_intercept_speed_slope,StepLength ~ C(AgeGroup) + Speed + I(Speed ** 2),REML
1.2740939597315437,Older,StepLength,0.6199338648187367,0.6057644330308367,0.6341032966066367,0.0072294347751625035,correlated_random_intercept_speed_slope,StepLength ~ C(AgeGroup) + Speed + I(Speed ** 2),REML
1.28255033557047,Older,StepLength,0.6222373320865177,0.6080176017986009,0.6364570623744344,0.007255097746734216,correlated_random_intercept_speed_slope,StepLength ~ C(AgeGroup) + Speed + I(Speed ** 2),REML
1.2910067114093962,Older,StepLength,0.6245326266630571,0.6102614030397834,0.6388038502863308,0.007281370339375292,correlated_random_intercept_speed_slope,StepLength ~ C(AgeGroup) + Speed + I(Speed ** 2),REML
1.2994630872483222,Older,StepLength,0.6268197485483551,0.6124957990014827,0.6411436980952275,0.007308271815124095,correlated_random_intercept_speed_slope,StepLength ~ C(AgeGroup) + Speed + I(Speed ** 2),REML
1.3079194630872484,Older,StepLength,0.6290986977424116,0.6147207514430333,0.6434766440417898,0.007335821684882813,correlated_random_intercept_speed_slope,StepLength ~ C(AgeGroup) + Speed + I(Speed ** 2),REML
1.3163758389261746,Older,StepLength,0.6313694742452266,0.6169362216780852,0.645802726812368,0.007364039686947884,correlated_random_intercept_speed_slope,StepLength ~ C(AgeGroup) + Speed + I(Speed ** 2),REML
1.3248322147651008,Older,StepLength,0.6336320780568003,0.6191421706173597,0.648121985496241,0.007392945765195262,correlated_random_intercept_speed_slope,StepLength ~ C(AgeGroup) + Speed + I(Speed ** 2),REML
1.3332885906040268,Older,StepLength,0.6358865091771322,0.6213385588120249,0.6504344595422394,0.007422560046949654,correlated_random_intercept_speed_slope,StepLength ~ C(AgeGroup) + Speed + I(Speed ** 2),REML
1.341744966442953,Older,StepLength,0.638132767606223,0.6235253464976275,0.6527401887148184,0.007452902820570651,correlated_random_intercept_speed_slope,StepLength ~ C(AgeGroup) + Speed + I(Speed ** 2),REML
1.3502013422818793,Older,StepLength,0.6403708533440721,0.6257024936385069,0.6550392130496372,0.0074839945127906935,correlated_random_intercept_speed_slope,StepLength ~ C(AgeGroup) + Speed + I(Speed ** 2),REML
1.3586577181208055,Older,StepLength,0.6426007663906798,0.6278699599726254,0.6573315728087341,0.007515855665843398,correlated_random_intercept_speed_slope,StepLength ~ C(AgeGroup) + Speed + I(Speed ** 2),REML
1.3671140939597317,Older,StepLength,0.644822506746046,0.6300277050567255,0.6596173084353666,0.00754850691442296,correlated_random_intercept_speed_slope,StepLength ~ C(AgeGroup) + Speed + I(Speed ** 2),REML
1.3755704697986577,Older,StepLength,0.6470360744101706,0.6321756883117347,0.6618964605086066,0.007581968962518119,correlated_random_intercept_speed_slope,StepLength ~ C(AgeGroup) + Speed + I(Speed ** 2),REML
1.384026845637584,Older,StepLength,0.6492414693830539,0.6343138690683265,0.6641690696977813,0.007616262560166623,correlated_random_intercept_speed_slope,StepLength ~ C(AgeGroup) + Speed + I(Speed ** 2),REML
1.3924832214765102,Older,StepLength,0.6514386916646957,0.6364422066125425,0.6664351767168489,0.007651408480177994,correlated_random_intercept_speed_slope,StepLength ~ C(AgeGroup) + Speed + I(Speed ** 2),REML
1.4009395973154364,Older,StepLength,0.653627741255096,0.6385606602313786,0.6686948222788135,0.007687427494874747,correlated_random_intercept_speed_slope,StepLength ~ C(AgeGroup) + Speed + I(Speed ** 2),REML
1.4093959731543626,Older,StepLength,0.6558086181542548,0.6406691892582348,0.6709480470502749,0.007724340352903369,correlated_random_intercept_speed_slope,StepLength ~ C(AgeGroup) + Speed + I(Speed ** 2),REML
1.4178523489932886,Older,StepLength,0.6579813223621721,0.6427677531181237,0.6731948916062205,0.007762167756168539,correlated_random_intercept_speed_slope,StepLength ~ C(AgeGroup) + Speed + I(Speed ** 2),REML
1.4263087248322148,Older,StepLength,0.660145853878848,0.6448563113725314,0.6754353963851647,0.0078009303369442635,correlated_random_intercept_speed_slope,StepLength ~ C(AgeGroup) + Speed + I(Speed ** 2),REML
1.434765100671141,Older,StepLength,0.6623022127042826,0.6469348237638237,0.6776696016447414,0.007840648635217223,correlated_random_intercept_speed_slope,StepLength ~ C(AgeGroup) + Speed + I(Speed ** 2),REML
1.443221476510067,Older,StepLength,0.6644503988384753,0.6490032502590886,0.6798975474178621,0.007881343076317673,correlated_random_intercept_speed_slope,StepLength ~ C(AgeGroup) + Speed + I(Speed ** 2),REML
1.4516778523489933,Older,StepLength,0.6665904122814269,0.6510615510933078,0.682119273469546,0.007923033948893382,correlated_random_intercept_speed_slope,StepLength ~ C(AgeGroup) + Speed + I(Speed ** 2),REML
1.4601342281879195,Older,StepLength,0.6687222530331368,0.6531096868117436,0.68433481925453,0.007965741383282116,correlated_random_intercept_speed_slope,StepLength ~ C(AgeGroup) + Speed + I(Speed ** 2),REML
1.4685906040268457,Older,StepLength,0.6708459210936054,0.6551476183114423,0.6865442238757685,0.008009485330337357,correlated_random_intercept_speed_slope,StepLength ~ C(AgeGroup) + Speed + I(Speed ** 2),REML
1.477046979865772,Older,StepLength,0.6729614164628325,0.6571753068817386,0.6887475260439263,0.008054285540761267,correlated_random_intercept_speed_slope,StepLength ~ C(AgeGroup) + Speed + I(Speed ** 2),REML
1.485503355704698,Older,StepLength,0.6750687391408179,0.6591927142436667,0.6909447640379691,0.008100161544997427,correlated_random_intercept_speed_slope,StepLength ~ C(AgeGroup) + Speed + I(Speed ** 2),REML
1.4939597315436242,Older,StepLength,0.6771678891275621,0.6611998025881719,0.6931359756669523,0.008147132633734308,correlated_random_intercept_speed_slope,StepLength ~ C(AgeGroup) + Speed + I(Speed ** 2),REML
1.5024161073825504,Older,StepLength,0.6792588664230645,0.6631965346130299,0.6953211982330992,0.008195217839068639,correlated_random_intercept_speed_slope,StepLength ~ C(AgeGroup) + Speed + I(Speed ** 2),REML
1.5108724832214766,Older,StepLength,0.6813416710273258,0.6651828735583817,0.6975004684962699,0.008244435916375303,correlated_random_intercept_speed_slope,StepLength ~ C(AgeGroup) + Speed + I(Speed ** 2),REML
1.5193288590604028,Older,StepLength,0.6834163029403455,0.6671587832407957,0.6996738226398953,0.008294805326927984,correlated_random_intercept_speed_slope,StepLength ~ C(AgeGroup) + Speed + I(Speed ** 2),REML
1.5277852348993288,Older,StepLength,0.6854827621621236,0.6691242280857785,0.7018412962384686,0.008346344221311764,correlated_random_intercept_speed_slope,StepLength ~ C(AgeGroup) + Speed + I(Speed ** 2),REML
1.536241610738255,Older,StepLength,0.6875410486926604,0.6710791731586597,0.7040029242266611,0.00839907042366585,correlated_random_intercept_speed_slope,StepLength ~ C(AgeGroup) + Speed + I(Speed ** 2),REML
1.5446979865771813,Older,StepLength,0.6895911625319556,0.6730235841937793,0.706158740870132,0.00845300141679099,correlated_random_intercept_speed_slope,StepLength ~ C(AgeGroup) + Speed + I(Speed ** 2),REML
1.5531543624161075,Older,StepLength,0.6916331036800094,0.6749574276219212,0.7083087797380976,0.00850815432815287,correlated_random_intercept_speed_slope,StepLength ~ C(AgeGroup) + Speed + I(Speed ** 2),REML
1.5616107382550337,Older,StepLength,0.6936668721368218,0.6768806705959374,0.7104530736777062,0.008564545916808552,correlated_random_intercept_speed_slope,StepLength ~ C(AgeGroup) + Speed + I(Speed ** 2),REML
1.5700671140939597,Older,StepLength,0.6956924679023925,0.6787932810145153,0.7125916547902696,0.008622192561279569,correlated_random_intercept_speed_slope,StepLength ~ C(AgeGroup) + Speed + I(Speed ** 2),REML
1.578523489932886,Older,StepLength,0.6977098909767219,0.6806952275440548,0.714724554409389,0.008681110248390586,correlated_random_intercept_speed_slope,StepLength ~ C(AgeGroup) + Speed + I(Speed ** 2),REML
1.5869798657718122,Older,StepLength,0.6997191413598097,0.6825864796386197,0.7168518030809997,0.008741314563089016,correlated_random_intercept_speed_slope,StepLength ~ C(AgeGroup) + Speed + I(Speed ** 2),REML
1.5954362416107384,Older,StepLength,0.7017202190516563,0.6844670075579494,0.7189734305453631,0.00880282067925634,correlated_random_intercept_speed_slope,StepLength ~ C(AgeGroup) + Speed + I(Speed ** 2),REML
1.6038926174496644,Older,StepLength,0.7037131240522612,0.686336782383509,0.7210894657210133,0.008865643351517948,correlated_random_intercept_speed_slope,StepLength ~ C(AgeGroup) + Speed + I(Speed ** 2),REML
1.6123489932885906,Older,StepLength,0.7056978563616245,0.6881957760325821,0.723199936690667,0.008929796908053735,correlated_random_intercept_speed_slope,StepLength ~ C(AgeGroup) + Speed + I(Speed ** 2),REML
1.6208053691275168,Older,StepLength,0.7076744159797466,0.6900439612704027,0.7253048706890904,0.008995295244407902,correlated_random_intercept_speed_slope,StepLength ~ C(AgeGroup) + Speed + I(Speed ** 2),REML
1.629261744966443,Older,StepLength,0.7096428029066271,0.6918813117203398,0.7274042940929143,0.00906215181829237,correlated_random_intercept_speed_slope,StepLength ~ C(AgeGroup) + Speed + I(Speed ** 2),REML
1.6377181208053693,Older,StepLength,0.7116030171422661,0.6937078018721561,0.7294982324123762,0.0091303796453737,correlated_random_intercept_speed_slope,StepLength ~ C(AgeGroup) + Speed + I(Speed ** 2),REML
1.6461744966442953,Older,StepLength,0.7135550586866637,0.6955234070883624,0.731586710284965,0.009199991296030304,correlated_random_intercept_speed_slope,StepLength ~ C(AgeGroup) + Speed + I(Speed ** 2),REML
1.6546308724832215,Older,StepLength,0.7154989275398197,0.6973281036087062,0.7336697514709332,0.009270998893062645,correlated_random_intercept_speed_slope,StepLength ~ C(AgeGroup) + Speed + I(Speed ** 2),REML
1.6630872483221477,Older,StepLength,0.7174346237017344,0.6991218685528328,0.735747378850636,0.009343414110335879,correlated_random_intercept_speed_slope,StepLength ~ C(AgeGroup) + Speed + I(Speed ** 2),REML
1.671543624161074,Older,StepLength,0.7193621471724077,0.7009046799211632,0.7378196144236521,0.009417248172331017,correlated_random_intercept_speed_slope,StepLength ~ C(AgeGroup) + Speed + I(Speed ** 2),REML
1.68,Older,StepLength,0.7212814979518392,0.7026765165940475,0.7398864793096308,0.009492511854577636,correlated_random_intercept_speed_slope,StepLength ~ C(AgeGroup) + Speed + I(Speed ** 2),REML
0.39,Young,Cadence,66.6089973548414,63.83955923624394,69.37843547343887,1.4130045962285234,correlated_random_intercept_speed_slope,Cadence ~ C(AgeGroup) + Speed + I(Speed ** 2),REML
0.39926174496644296,Young,Cadence,67.28957699810681,64.53727079943124,70.04188319678238,1.4042636601414153,correlated_random_intercept_speed_slope,Cadence ~ C(AgeGroup) + Speed + I(Speed ** 2),REML
0.4085234899328859,Young,Cadence,67.96711442104566,65.23125626833752,70.70297257375381,1.395871645748718,correlated_random_intercept_speed_slope,Cadence ~ C(AgeGroup) + Speed + I(Speed ** 2),REML
0.4177852348993289,Young,Cadence,68.64160962365798,65.92152555135114,71.36169369596483,1.387823497657365,correlated_random_intercept_speed_slope,Cadence ~ C(AgeGroup) + Speed + I(Speed ** 2),REML
0.42704697986577184,Young,Cadence,69.31306260594374,66.60808893016083,72.01803628172665,1.380113970011387,correlated_random_intercept_speed_slope,Cadence ~ C(AgeGroup) + Speed + I(Speed ** 2),REML
0.4363087248322148,Young,Cadence,69.98147336790294,67.2909570451471,72.67198969065878,1.3727376339454624,correlated_random_intercept_speed_slope,Cadence ~ C(AgeGroup) + Speed + I(Speed ** 2),REML
0.4455704697986577,Young,Cadence,70.6468419095356,67.97014087934254,73.32354293972865,1.3656888857685812,correlated_random_intercept_speed_slope,Cadence ~ C(AgeGroup) + Speed + I(Speed ** 2),REML
0.45483221476510066,Young,Cadence,71.30916823084169,68.64565174103637,73.97268472064701,1.3589619558393904,correlated_random_intercept_speed_slope,Cadence ~ C(AgeGroup) + Speed + I(Speed ** 2),REML
0.46409395973154366,Young,Cadence,71.96845233182125,69.31750124510933,74.61940341853318,1.3525509180894626,correlated_random_intercept_speed_slope,Cadence ~ C(AgeGroup) + Speed + I(Speed ** 2),REML
0.4733557046979866,Young,Cadence,72.62469421247425,69.98570129319354,75.26368713175496,1.3464497001458966,correlated_random_intercept_speed_slope,Cadence ~ C(AgeGroup) + Speed + I(Speed ** 2),REML
0.48261744966442954,Young,Cadence,73.27789387280072,70.65026405276174,75.9055236928397,1.3406520940003954,correlated_random_intercept_speed_slope,Cadence ~ C(AgeGroup) + Speed + I(Speed ** 2),REML
0.4918791946308725,Young,Cadence,73.92805131280062,71.31120193525571,76.54490069034553,1.3351517671683186,correlated_random_intercept_speed_slope,Cadence ~ C(AgeGroup) + Speed + I(Speed ** 2),REML
0.5011409395973154,Young,Cadence,74.57516653247399,71.9685275733714,77.18180549157657,1.3299422742782108,correlated_random_intercept_speed_slope,Cadence ~ C(AgeGroup) + Speed + I(Speed ** 2),REML
0.5104026845637584,Young,Cadence,75.21923953182079,72.62225379762116,77.81622526602042,1.3250170690300092,correlated_random_intercept_speed_slope,Cadence ~ C(AgeGroup) + Speed + I(Speed ** 2),REML
0.5196644295302013,Young,Cadence,75.86027031084105,73.27239361229772,78.44814700938437,1.320369516458548,correlated_random_intercept_speed_slope,Cadence ~ C(AgeGroup) + Speed + I(Speed ** 2),REML
0.5289261744966443,Young,Cadence,76.49825886953475,73.91896017096589,79.07755756810361,1.3159929054380801,correlated_random_intercept_speed_slope,Cadence ~ C(AgeGroup) + Speed + I(Speed ** 2),REML
0.5381879194630872,Young,Cadence,77.13320520790191,74.56196675160794,79.70444366419588,1.31188046136336,correlated_random_intercept_speed_slope,Cadence ~ C(AgeGroup) + Speed + I(Speed ** 2),REML
0.5474496644295301,Young,Cadence,77.76510932594252,75.20142673154851,80.32879192033653,1.3080253589433333,correlated_random_intercept_speed_slope,Cadence ~ C(AgeGroup) + Speed + I(Speed ** 2),REML
0.5567114093959732,Young,Cadence,78.39397122365659,75.83735356228189,80.9505888850313,1.3044207350446126,correlated_random_intercept_speed_slope,Cadence ~ C(AgeGroup) + Speed + I(Speed ** 2),REML
0.5659731543624161,Young,Cadence,79.01979090104409,76.46976074432125,81.56982105776693,1.3010597015236802,correlated_random_intercept_speed_slope,Cadence ~ C(AgeGroup) + Speed + I(Speed ** 2),REML
0.5752348993288591,Young,Cadence,79.64256835810505,77.0986618021854,82.1864749140247,1.297935357989051,correlated_random_intercept_speed_slope,Cadence ~ C(AgeGroup) + Speed + I(Speed ** 2),REML
0.584496644295302,Young,Cadence,80.26230359483947,77.72407025963228,82.80053693004665,1.2950408044374475,correlated_random_intercept_speed_slope,Cadence ~ C(AgeGroup) + Speed + I(Speed ** 2),REML
0.593758389261745,Young,Cadence,80.87899661124733,78.34599961524275,83.41199360725192,1.292369153711266,correlated_random_intercept_speed_slope,Cadence ~ C(AgeGroup) + Speed + I(Speed ** 2),REML
0.6030201342281879,Young,Cadence,81.49264740732865,78.9644633184509,84.0208314962064,1.2899135437282236,correlated_random_intercept_speed_slope,Cadence ~ C(AgeGroup) + Speed + I(Speed ** 2),REML
0.6122818791946308,Young,Cadence,82.10325598308341,79.5794747461096,84.62703722005723,1.2876671494379883,correlated_random_intercept_speed_slope,Cadence ~ C(AgeGroup) + Speed + I(Speed ** 2),REML
0.6215436241610738,Young,Cadence,82.7108223385116,80.19104717967141,85.2305974973518,1.2856231944647218,correlated_random_intercept_speed_slope,Cadence ~ C(AgeGroup) + Speed + I(Speed ** 2),REML
0.6308053691275168,Young,Cadence,83.31534647361329,80.7991937830574,85.83149916416917,1.2837749623987837,correlated_random_intercept_speed_slope,Cadence ~ C(AgeGroup) + Speed + I(Speed ** 2),REML
0.6400671140939598,Young,Cadence,83.9168283883884,81.40392758127666,86.42972919550013,1.282115807705232,correlated_random_intercept_speed_slope,Cadence ~ C(AgeGroup) + Speed + I(Speed ** 2),REML
0.6493288590604027,Young,Cadence,84.51526808283695,82.00526143985203,87.02527472582187,1.280639166221183,correlated_random_intercept_speed_slope,Cadence ~ C(AgeGroup) + Speed + I(Speed ** 2),REML
0.6585906040268457,Young,Cadence,85.11066555695896,82.60320804509749,87.61812306882044,1.2793385652185343,correlated_random_intercept_speed_slope,Cadence ~ C(AgeGroup) + Speed + I(Speed ** 2),REML
0.6678523489932886,Young,Cadence,85.70302081075442,83.19777988528507,88.20826173622378,1.278207633012838,correlated_random_intercept_speed_slope,Cadence ~ C(AgeGroup) + Speed + I(Speed ** 2),REML
0.6771140939597315,Young,Cadence,86.29233384422334,83.78898923273069,88.79567845571599,1.2772401081033735,correlated_random_intercept_speed_slope,Cadence ~ C(AgeGroup) + Speed + I(Speed ** 2),REML
0.6863758389261745,Young,Cadence,86.8786046573657,84.37684812682019,89.3803611879112,1.276429847833455,correlated_random_intercept_speed_slope,Cadence ~ C(AgeGroup) + Speed + I(Speed ** 2),REML
0.6956375838926174,Young,Cadence,87.46183325018151,84.96136835798974,89.96229814237329,1.2757708365638936,correlated_random_intercept_speed_slope,Cadence ~ C(AgeGroup) + Speed + I(Speed ** 2),REML
0.7048993288590604,Young,Cadence,88.04201962267078,85.54256145266719,90.54147779267437,1.2752571933561057,correlated_random_intercept_speed_slope,Cadence ~ C(AgeGroup) + Speed + I(Speed ** 2),REML
0.7141610738255033,Young,Cadence,88.61916377483348,86.1204386591747,91.11788889049227,1.274883179164726,correlated_random_intercept_speed_slope,Cadence ~ C(AgeGroup) + Speed + I(Speed ** 2),REML
0.7234228187919463,Young,Cadence,89.19326570666965,86.6950109345873,91.691520478752,1.2746432035426514,correlated_random_intercept_speed_slope,Cadence ~ C(AgeGroup) + Speed + I(Speed ** 2),REML
0.7326845637583892,Young,Cadence,89.76432541817928,87.26628893253547,92.26236190382309,1.2745318308642395,correlated_random_intercept_speed_slope,Cadence ~ C(AgeGroup) + Speed + I(Speed ** 2),REML
0.7419463087248321,Young,Cadence,90.33234290936232,87.83428299193623,92.83040282678841,1.2745437860748814,correlated_random_intercept_speed_slope,Cadence ~ C(AgeGroup) + Speed + I(Speed ** 2),REML
0.7512080536912751,Young,Cadence,90.89731818021885,88.39900312663217,93.39563323380553,1.2746739599773649,correlated_random_intercept_speed_slope,Cadence ~ C(AgeGroup) + Speed + I(Speed ** 2),REML
0.7604697986577181,Young,Cadence,91.45925123074883,88.96045901591383,93.95804344558384,1.27491741406738,correlated_random_intercept_speed_slope,Cadence ~ C(AgeGroup) + Speed + I(Speed ** 2),REML
0.7697315436241611,Young,Cadence,92.01814206095223,89.5186599958987,94.51762412600576,1.2752693849321297,correlated_random_intercept_speed_slope,Cadence ~ C(AgeGroup) + Speed + I(Speed ** 2),REML
0.778993288590604,Young,Cadence,92.5739906708291,90.07361505173652,95.07436628992168,1.2757252882273469,correlated_random_intercept_speed_slope,Cadence ~ C(AgeGroup) + Speed + I(Speed ** 2),REML
0.788255033557047,Young,Cadence,93.12679706037943,90.62533281060836,95.6282613101505,1.2762807222491366,correlated_random_intercept_speed_slope,Cadence ~ C(AgeGroup) + Speed + I(Speed ** 2),REML
0.7975167785234899,Young,Cadence,93.6765612296032,91.17382153548643,96.17930092371996,1.2769314711178683,correlated_random_intercept_speed_slope,Cadence ~ C(AgeGroup) + Speed + I(Speed ** 2),REML
0.8067785234899328,Young,Cadence,94.2232831785004,91.71908911961921,96.72747723738158,1.2776735075919459,correlated_random_intercept_speed_slope,Cadence ~ C(AgeGroup) + Speed + I(Speed ** 2),REML
0.8160402684563759,Young,Cadence,94.76696290707108,92.26114308170636,97.27278273243579,1.278502995529658,correlated_random_intercept_speed_slope,Cadence ~ C(AgeGroup) + Speed + I(Speed ** 2),REML
0.8253020134228188,Young,Cadence,95.30760041531519,92.79999056172714,97.81521026890324,1.2794162920174845,correlated_random_intercept_speed_slope,Cadence ~ C(AgeGroup) + Speed + I(Speed ** 2),REML
0.8345637583892618,Young,Cadence,95.84519570323276,93.33563831738688,98.35475308907864,1.2804099491832257,correlated_random_intercept_speed_slope,Cadence ~ C(AgeGroup) + Speed + I(Speed ** 2),REML
0.8438255033557047,Young,Cadence,96.37974877082378,93.86809272114542,98.89140482050215,1.2814807157121226,correlated_random_intercept_speed_slope,Cadence ~ C(AgeGroup) + Speed + I(Speed ** 2),REML
0.8530872483221477,Young,Cadence,96.91125961808825,94.39735975779264,99.42515947838386,1.282625538083827,correlated_random_intercept_speed_slope,Cadence ~ C(AgeGroup) + Speed + I(Speed ** 2),REML
0.8623489932885906,Young,Cadence,97.43972824502617,94.92344502253724,99.95601146751511,1.283841561547587,correlated_random_intercept_speed_slope,Cadence ~ C(AgeGroup) + Speed + I(Speed ** 2),REML
0.8716107382550335,Young,Cadence,97.96515465163753,95.44635371957538,100.48395558369968,1.28512613085247,correlated_random_intercept_speed_slope,Cadence ~ C(AgeGroup) + Speed + I(Speed ** 2),REML
0.8808724832214765,Young,Cadence,98.48753883792236,95.96609066110821,101.0089870147365,1.286476790748714,correlated_random_intercept_speed_slope,Cadence ~ C(AgeGroup) + Speed + I(Speed ** 2),REML
0.8901342281879194,Young,Cadence,99.00688080388062,96.48266026677754,101.5311013409837,1.28789128627557,correlated_random_intercept_speed_slope,Cadence ~ C(AgeGroup) + Speed + I(Speed ** 2),REML
0.8993959731543624,Young,Cadence,99.52318054951235,96.9960665634919,102.0502945355328,1.289367562850137,correlated_random_intercept_speed_slope,Cadence ~ C(AgeGroup) + Speed + I(Speed ** 2),REML
0.9086577181208053,Young,Cadence,100.03643807481751,97.50631318561564,102.56656296401938,1.290903766170791,correlated_random_intercept_speed_slope,Cadence ~ C(AgeGroup) + Speed + I(Speed ** 2),REML
0.9179194630872483,Young,Cadence,100.54665337979614,98.01340337549696,103.07990338409532,1.292498241947881,correlated_random_intercept_speed_slope,Cadence ~ C(AgeGroup) + Speed + I(Speed ** 2),REML
0.9271812080536912,Young,Cadence,101.0538264644482,98.51733998431119,103.59031294458522,1.2941495354733539,correlated_random_intercept_speed_slope,Cadence ~ C(AgeGroup) + Speed + I(Speed ** 2),REML
0.9364429530201342,Young,Cadence,101.55795732877374,99.01812547319928,104.0977891843482,1.2958563910400023,correlated_random_intercept_speed_slope,Cadence ~ C(AgeGroup) + Speed + I(Speed ** 2),REML
0.9457046979865772,Young,Cadence,102.05904597277271,99.51576191468169,104.60233003086373,1.2976177512199834,correlated_random_intercept_speed_slope,Cadence ~ C(AgeGroup) + Speed + I(Speed ** 2),REML
0.9549664429530201,Young,Cadence,102.55709239644513,100.01025099433153,105.10393379855873,1.299432756011214,correlated_random_intercept_speed_slope,Cadence ~ C(AgeGroup) + Speed + I(Speed ** 2),REML
0.9642281879194631,Young,Cadence,103.05209659979099,100.50159401269154,105.60259918689043,1.301300741859283,correlated_random_intercept_speed_slope,Cadence ~ C(AgeGroup) + Speed + I(Speed ** 2),REML
0.973489932885906,Young,Cadence,103.54405858281032,100.9897918874223,106.09832527819835,1.3032212405614374,correlated_random_intercept_speed_slope,Cadence ~ C(AgeGroup) + Speed + I(Speed ** 2),REML
0.982751677852349,Young,Cadence,104.0329783455031,101.47484515567047,106.59111153533573,1.3051939780582011,correlated_random_intercept_speed_slope,Cadence ~ C(AgeGroup) + Speed + I(Speed ** 2),REML
0.9920134228187919,Young,Cadence,104.51885588786932,101.95675397664843,107.08095779909021,1.3072188731172736,correlated_random_intercept_speed_slope,Cadence ~ C(AgeGroup) + Speed + I(Speed ** 2),REML
1.0012751677852347,Young,Cadence,105.001691209909,102.43551813441789,107.5678642854001,1.3092960359132864,correlated_random_intercept_speed_slope,Cadence ~ C(AgeGroup) + Speed + I(Speed ** 2),REML
1.010536912751678,Young,Cadence,105.48148431162213,102.9111370408722,108.05183158237205,1.3114257665061653,correlated_random_intercept_speed_slope,Cadence ~ C(AgeGroup) + Speed + I(Speed ** 2),REML
1.0197986577181206,Young,Cadence,105.95823519300868,103.38360973891396,108.53286064710339,1.3136085532198738,correlated_random_intercept_speed_slope,Cadence ~ C(AgeGroup) + Speed + I(Speed ** 2),REML
1.0290604026845638,Young,Cadence,106.43194385406869,103.85293490582598,109.01095280231141,1.3158450709225324,correlated_random_intercept_speed_slope,Cadence ~ C(AgeGroup) + Speed + I(Speed ** 2),REML
1.0383221476510067,Young,Cadence,106.9026102948022,104.31911085683527,109.48610973276914,1.3181361792080095,correlated_random_intercept_speed_slope,Cadence ~ C(AgeGroup) + Speed + I(Speed ** 2),REML
1.0475838926174497,Young,Cadence,107.3702345152091,104.78213554887117,109.95833348154704,1.3204829204784025,correlated_random_intercept_speed_slope,Cadence ~ C(AgeGroup) + Speed + I(Speed ** 2),REML
1.0568456375838926,Young,Cadence,107.8348165152895,105.24200658452094,110.42762644605807,1.3228865179260036,correlated_random_intercept_speed_slope,Cadence ~ C(AgeGroup) + Speed + I(Speed ** 2),REML
1.0661073825503355,Young,Cadence,108.29635629504331,105.69872121618548,110.89399137390114,1.3253483734128013,correlated_random_intercept_speed_slope,Cadence ~ C(AgeGroup) + Speed + I(Speed ** 2),REML
1.0753691275167785,Young,Cadence,108.75485385447058,106.1522763504419,111.35743135849927,1.327870065244817,correlated_random_intercept_speed_slope,Cadence ~ C(AgeGroup) + Speed + I(Speed ** 2),REML
1.0846308724832214,Young,Cadence,109.21030919357132,106.60266855261774,111.8179498345249,1.3304533458381447,correlated_random_intercept_speed_slope,Cadence ~ C(AgeGroup) + Speed + I(Speed ** 2),REML
1.0938926174496644,Young,Cadence,109.6627223123455,107.04989405158513,112.27555057310586,1.3331001392729773,correlated_random_intercept_speed_slope,Cadence ~ C(AgeGroup) + Speed + I(Speed ** 2),REML
1.1031543624161073,Young,Cadence,110.11209321079312,107.49394874478232,112.73023767680392,1.335812538731523,correlated_random_intercept_speed_slope,Cadence ~ C(AgeGroup) + Speed + I(Speed ** 2),REML
1.1124161073825503,Young,Cadence,110.55842188891418,107.93482820347162,113.18201557435674,1.3385928038153376,correlated_random_intercept_speed_slope,Cadence ~ C(AgeGroup) + Speed + I(Speed ** 2),REML
1.1216778523489932,Young,Cadence,111.00170834670874,108.37252767824319,113.63088901517429,1.3414433577372846,correlated_random_intercept_speed_slope,Cadence ~ C(AgeGroup) + Speed + I(Speed ** 2),REML
1.1309395973154364,Young,Cadence,111.4419525841767,108.80704210477383,114.07686306357958,1.3443667843831353,correlated_random_intercept_speed_slope,Cadence ~ C(AgeGroup) + Speed + I(Speed ** 2),REML
1.140201342281879,Young,Cadence,111.87915460131812,109.23836610985221,114.51994309278403,1.3473658252376657,correlated_random_intercept_speed_slope,Cadence ~ C(AgeGroup) + Speed + I(Speed ** 2),REML
1.1494630872483222,Young,Cadence,112.313314398133,109.66649401767909,114.96013477858692,1.350443376170024,correlated_random_intercept_speed_slope,Cadence ~ C(AgeGroup) + Speed + I(Speed ** 2),REML
1.158724832214765,Young,Cadence,112.74443197462134,110.091419856454,115.39744409278867,1.3536024840731566,correlated_random_intercept_speed_slope,Cadence ~ C(AgeGroup) + Speed + I(Speed ** 2),REML
1.1679865771812081,Young,Cadence,113.1725073307831,110.51313736525799,115.83187729630822,1.356846343352169,correlated_random_intercept_speed_slope,Cadence ~ C(AgeGroup) + Speed + I(Speed ** 2),REML
1.1772483221476508,Young,Cadence,113.59754046661833,110.93164000124206,116.2634409319946,1.360178292256669,correlated_random_intercept_speed_slope,Cadence ~ C(AgeGroup) + Speed + I(Speed ** 2),REML
1.186510067114094,Young,Cadence,114.01953138212703,111.34692094713068,116.69214181712337,1.3636018090523845,correlated_random_intercept_speed_slope,Cadence ~ C(AgeGroup) + Speed + I(Speed ** 2),REML
1.1957718120805367,Young,Cadence,114.43848007730914,111.75897311904876,117.11798703556951,1.3671205080276883,correlated_random_intercept_speed_slope,Cadence ~ C(AgeGroup) + Speed + I(Speed ** 2),REML
1.20503355704698,Young,Cadence,114.85438655216474,112.16778917468015,117.54098392964933,1.3707381353311199,correlated_random_intercept_speed_slope,Cadence ~ C(AgeGroup) + Speed + I(Speed ** 2),REML
1.2142953020134226,Young,Cadence,115.26725080669375,112.5733615217637,117.9611400916238,1.3744585646364493,correlated_random_intercept_speed_slope,Cadence ~ C(AgeGroup) + Speed + I(Speed ** 2),REML
1.2235570469798658,Young,Cadence,115.67707284089626,112.97568232693337,118.37846335485915,1.3782857926324743,correlated_random_intercept_speed_slope,Cadence ~ C(AgeGroup) + Speed + I(Speed ** 2),REML
1.2328187919463087,Young,Cadence,116.08385265477216,113.37474352490553,118.79296178463879,1.382223934335394,correlated_random_intercept_speed_slope,Cadence ~ C(AgeGroup) + Speed + I(Speed ** 2),REML
1.2420805369127517,Young,Cadence,116.48759024832157,113.77053682801733,119.2046436686258,1.3862772182223824,correlated_random_intercept_speed_slope,Cadence ~ C(AgeGroup) + Speed + I(Speed ** 2),REML
1.2513422818791946,Young,Cadence,116.88828562154438,114.16305373611577,119.613517506973,1.3904499811858284,correlated_random_intercept_speed_slope,Cadence ~ C(AgeGroup) + Speed + I(Speed ** 2),REML
1.2606040268456375,Young,Cadence,117.28593877444067,114.5522855467984,120.01959200208293,1.3947466633085956,correlated_random_intercept_speed_slope,Cadence ~ C(AgeGroup) + Speed + I(Speed ** 2),REML
1.2698657718120805,Young,Cadence,117.6805497070104,114.93822336600145,120.42287604801935,1.3991718024617106,correlated_random_intercept_speed_slope,Cadence ~ C(AgeGroup) + Speed + I(Speed ** 2),REML
1.2791275167785234,Young,Cadence,118.07211841925358,115.32085811893157,120.8233787195756,1.4037300287268548,correlated_random_intercept_speed_slope,Cadence ~ C(AgeGroup) + Speed + I(Speed ** 2),REML
1.2883892617449664,Young,Cadence,118.46064491117022,115.7001805613339,121.22110926100655,1.4084260586472568,correlated_random_intercept_speed_slope,Cadence ~ C(AgeGroup) + Speed + I(Speed ** 2),REML
1.2976510067114093,Young,Cadence,118.84612918276028,116.07618129108728,121.61607707443328,1.4132646893116383,correlated_random_intercept_speed_slope,Cadence ~ C(AgeGroup) + Speed + I(Speed ** 2),REML
1.3069127516778523,Young,Cadence,119.22857123402385,116.44885076011519,122.0082917079325,1.4182507922771728,correlated_random_intercept_speed_slope,Cadence ~ C(AgeGroup) + Speed + I(Speed ** 2),REML
1.3161744966442952,Young,Cadence,119.6079710649608,116.81817928659773,122.39776284332386,1.423389307338597,correlated_random_intercept_speed_slope,Cadence ~ C(AgeGroup) + Speed + I(Speed ** 2),REML
1.3254362416107381,Young,Cadence,119.98432867557126,117.1841570674694,122.78450028367313,1.428685236151916,correlated_random_intercept_speed_slope,Cadence ~ C(AgeGroup) + Speed + I(Speed ** 2),REML
1.334697986577181,Young,Cadence,120.35764406585513,117.54677419118188,123.16851394052837,1.4341436357224067,correlated_random_intercept_speed_slope,Cadence ~ C(AgeGroup) + Speed + I(Speed ** 2),REML
1.3439597315436242,Young,Cadence,120.72791723581248,117.90602065071212,123.54981382091285,1.439769611767928,correlated_random_intercept_speed_slope,Cadence ~ C(AgeGroup) + Speed + I(Speed ** 2),REML
1.353221476510067,Young,Cadence,121.09514818544325,118.26188635679016,123.92841001409634,1.4455683119697642,correlated_random_intercept_speed_slope,Cadence ~ C(AgeGroup) + Speed + I(Speed ** 2),REML
1.3624832214765101,Young,Cadence,121.45933691474751,118.61436115132128,124.30431267817374,1.451544919124557,correlated_random_intercept_speed_slope,Cadence ~ C(AgeGroup) + Speed + I(Speed ** 2),REML
1.3717449664429529,Young,Cadence,121.82048342372518,118.96343482097296,124.6775320264774,1.457704644211963,correlated_random_intercept_speed_slope,Cadence ~ C(AgeGroup) + Speed + I(Speed ** 2),REML
1.381006711409396,Young,Cadence,122.17858771237631,119.30909711089619,125.04807831385644,1.4640527193939763,correlated_random_intercept_speed_slope,Cadence ~ C(AgeGroup) + Speed + I(Speed ** 2),REML
1.3902684563758387,Young,Cadence,122.53364978070091,119.65133773854727,125.41596182285456,1.4705943909627726,correlated_random_intercept_speed_slope,Cadence ~ C(AgeGroup) + Speed + I(Speed ** 2),REML
1.399530201342282,Young,Cadence,122.88566962869893,119.9901464075754,125.78119284982247,1.4773349122550523,correlated_random_intercept_speed_slope,Cadence ~ C(AgeGroup) + Speed + I(Speed ** 2),REML
1.4087919463087246,Young,Cadence,123.23464725637041,120.32551282173922,126.14378169100159,1.4842795365517263,correlated_random_intercept_speed_slope,Cadence ~ C(AgeGroup) + Speed + I(Speed ** 2),REML
1.4180536912751678,Young,Cadence,123.58058266371533,120.65742669881332,126.50373862861734,1.491433509982575,correlated_random_intercept_speed_slope,Cadence ~ C(AgeGroup) + Speed + I(Speed ** 2),REML
1.4273154362416105,Young,Cadence,123.92347585073374,120.98587778444536,126.86107391702211,1.4988020644561697,correlated_random_intercept_speed_slope,Cadence ~ C(AgeGroup) + Speed + I(Speed ** 2),REML
1.4365771812080537,Young,Cadence,124.26332681742556,121.31085586592252,127.21579776892861,1.506390410635989,correlated_random_intercept_speed_slope,Cadence ~ C(AgeGroup) + Speed + I(Speed ** 2),REML
1.4458389261744964,Young,Cadence,124.60013556379084,121.63235078580627,127.56792034177542,1.5142037309838794,correlated_random_intercept_speed_slope,Cadence ~ C(AgeGroup) + Speed + I(Speed ** 2),REML
1.4551006711409395,Young,Cadence,124.9339020898296,121.95035245539239,127.91745172426681,1.5222471728924956,correlated_random_intercept_speed_slope,Cadence ~ C(AgeGroup) + Speed + I(Speed ** 2),REML
1.4643624161073823,Young,Cadence,125.26462639554177,122.2648508679546,128.26440192312893,1.5305258419282235,correlated_random_intercept_speed_slope,Cadence ~ C(AgeGroup) + Speed + I(Speed ** 2),REML
1.4736241610738254,Young,Cadence,125.59230848092743,122.5758361117294,128.60878085012547,1.5390447952062265,correlated_random_intercept_speed_slope,Cadence ~ C(AgeGroup) + Speed + I(Speed ** 2),REML
1.4828859060402686,Young,Cadence,125.91694834598651,122.8832983825999,128.9505983093731,1.547809034918831,correlated_random_intercept_speed_slope,Cadence ~ C(AgeGroup) + Speed + I(Speed ** 2),REML
1.4921476510067113,Young,Cadence,126.23854599071908,123.18722799643862,129.28986398499953,1.5568235020382277,correlated_random_intercept_speed_slope,Cadence ~ C(AgeGroup) + Speed + I(Speed ** 2),REML
1.5014093959731545,Young,Cadence,126.55710141512505,123.48761540106824,129.62658742918185,1.5660930702138018,correlated_random_intercept_speed_slope,Cadence ~ C(AgeGroup) + Speed + I(Speed ** 2),REML
1.5106711409395972,Young,Cadence,126.87261461920447,123.78445118780287,129.96077805060605,1.57562253988371,correlated_random_intercept_speed_slope,Cadence ~ C(AgeGroup) + Speed + I(Speed ** 2),REML
1.5199328859060404,Young,Cadence,127.18508560295739,124.07772610253252,130.29244510338225,1.5854166326194323,correlated_random_intercept_speed_slope,Cadence ~ C(AgeGroup) + Speed + I(Speed ** 2),REML
1.529194630872483,Young,Cadence,127.49451436638371,124.36743105631614,130.62159767645127,1.5954799857209647,correlated_random_intercept_speed_slope,Cadence ~ C(AgeGroup) + Speed + I(Speed ** 2),REML
1.5384563758389262,Young,Cadence,127.80090090948352,124.65355713545148,130.94824468351555,1.6058171470791713,correlated_random_intercept_speed_slope,Cadence ~ C(AgeGroup) + Speed + I(Speed ** 2),REML
1.547718120805369,Young,Cadence,128.10424523225674,124.93609561099107,131.27239485352243,1.6164325703204905,correlated_random_intercept_speed_slope,Cadence ~ C(AgeGroup) + Speed + I(Speed ** 2),REML
1.5569798657718121,Young,Cadence,128.4045473347034,125.21503794767831,131.59405672172852,1.6273306102477119,correlated_random_intercept_speed_slope,Cadence ~ C(AgeGroup) + Speed + I(Speed ** 2),REML
1.5662416107382549,Young,Cadence,128.7018072168236,125.490375812279,131.91323862136818,1.638515518589095,correlated_random_intercept_speed_slope,Cadence ~ C(AgeGroup) + Speed + I(Speed ** 2),REML
1.575503355704698,Young,Cadence,128.99602487861716,125.76210108128767,132.22994867594667,1.6499914400663893,correlated_random_intercept_speed_slope,Cadence ~ C(AgeGroup) + Speed + I(Speed ** 2),REML
1.5847651006711407,Young,Cadence,129.2872003200842,126.030205847992,132.5441947921764,1.6617624087906504,correlated_random_intercept_speed_slope,Cadence ~ C(AgeGroup) + Speed + I(Speed ** 2),REML
1.594026845637584,Young,Cadence,129.57533354122472,126.29468242888018,132.85598465356927,1.6738323449930235,correlated_random_intercept_speed_slope,Cadence ~ C(AgeGroup) + Speed + I(Speed ** 2),REML
1.6032885906040266,Young,Cadence,129.86042454203863,126.55552336938136,133.1653257146959,1.6862050520958074,correlated_random_intercept_speed_slope,Cadence ~ C(AgeGroup) + Speed + I(Speed ** 2),REML
1.6125503355704698,Young,Cadence,130.14247332252606,126.81272144893269,133.47222519611944,1.6988842141274154,correlated_random_intercept_speed_slope,Cadence ~ C(AgeGroup) + Speed + I(Speed ** 2),REML
1.6218120805369125,Young,Cadence,130.42147988268687,127.06626968536807,133.77669008000566,1.7118733934828758,correlated_random_intercept_speed_slope,Cadence ~ C(AgeGroup) + Speed + I(Speed ** 2),REML
1.6310738255033557,Young,Cadence,130.69744422252117,127.3161613386307,134.07872710641163,1.7251760290299167,correlated_random_intercept_speed_slope,Cadence ~ C(AgeGroup) + Speed + I(Speed ** 2),REML
1.6403355704697984,Young,Cadence,130.9703663420289,127.56238991381115,134.37834277024666,1.7387954345587207,correlated_random_intercept_speed_slope,Cadence ~ C(AgeGroup) + Speed + I(Speed ** 2),REML
1.6495973154362416,Young,Cadence,131.24024624121012,127.80494916351897,134.67554331890125,1.7527347975719605,correlated_random_intercept_speed_slope,Cadence ~ C(AgeGroup) + Speed + I(Speed ** 2),REML
1.6588590604026843,Young,Cadence,131.50708392006476,128.0438330895976,134.97033475053192,1.7669971784098355,correlated_random_intercept_speed_slope,Cadence ~ C(AgeGroup) + Speed + I(Speed ** 2),REML
1.6681208053691274,Young,Cadence,131.77087937859287,128.27903594419567,135.26272281299006,1.781585509703445,correlated_random_intercept_speed_slope,Cadence ~ C(AgeGroup) + Speed + I(Speed ** 2),REML
1.6773825503355706,Young,Cadence,132.0316326167944,128.510552230211,135.55271300337782,1.796502596148318,correlated_random_intercept_speed_slope,Cadence ~ C(AgeGroup) + Speed + I(Speed ** 2),REML
1.6866442953020133,Young,Cadence,132.28934363466942,128.73837670112565,135.8403105682132,1.8117511145885052,correlated_random_intercept_speed_slope,Cadence ~ C(AgeGroup) + Speed + I(Speed ** 2),REML
1.6959060402684565,Young,Cadence,132.54401243221784,128.96250436025352,136.12552050418216,1.8273336144004728,correlated_random_intercept_speed_slope,Cadence ~ C(AgeGroup) + Speed + I(Speed ** 2),REML
1.7051677852348992,Young,Cadence,132.79563900943972,129.18293045942391,136.40834755945554,1.8432525181648214,correlated_random_intercept_speed_slope,Cadence ~ C(AgeGroup) + Speed + I(Speed ** 2),REML
1.7144295302013424,Young,Cadence,133.04422336633507,129.3996504971262,136.68879623554395,1.8595101226128576,correlated_random_intercept_speed_slope,Cadence ~ C(AgeGroup) + Speed + I(Speed ** 2),REML
1.723691275167785,Young,Cadence,133.2897655029039,129.61266021614284,136.96687078966494,1.8761085998342757,correlated_random_intercept_speed_slope,Cadence ~ C(AgeGroup) + Speed + I(Speed ** 2),REML
1.7329530201342283,Young,Cadence,133.53226541914614,129.82195560069925,137.24257523759303,1.8930499987312743,correlated_random_intercept_speed_slope,Cadence ~ C(AgeGroup) + Speed + I(Speed ** 2),REML
1.742214765100671,Young,Cadence,133.77172311506183,130.02753287316057,137.5159133569631,1.9103362467040006,correlated_random_intercept_speed_slope,Cadence ~ C(AgeGroup) + Speed + I(Speed ** 2),REML
1.7514765100671141,Young,Cadence,134.00813859065096,130.22938849030555,137.78688869099636,1.927969151551613,correlated_random_intercept_speed_slope,Cadence ~ C(AgeGroup) + Speed + I(Speed ** 2),REML
1.7607382550335569,Young,Cadence,134.24151184591358,130.42751913920938,138.05550455261778,1.94595040357296,correlated_random_intercept_speed_slope,Cadence ~ C(AgeGroup) + Speed + I(Speed ** 2),REML
1.77,Young,Cadence,134.4718428808496,130.62192173276682,138.3217640289324,1.9642815778506475,correlated_random_intercept_speed_slope,Cadence ~ C(AgeGroup) + Speed + I(Speed ** 2),REML
0.42,Older,Cadence,75.5801540583859,72.81115755000552,78.34915056676628,1.4127792807530526,correlated_random_intercept_speed_slope,Cadence ~ C(AgeGroup) + Speed + I(Speed ** 2),REML
0.42845637583892615,Older,Cadence,76.19267636580209,73.43696157602567,78.9483911555785,1.4060027691902215,correlated_random_intercept_speed_slope,Cadence ~ C(AgeGroup) + Speed + I(Speed ** 2),REML
0.4369127516778523,Older,Cadence,76.80266253113129,74.05969582560549,79.54562923665709,1.3994985250555485,correlated_random_intercept_speed_slope,Cadence ~ C(AgeGroup) + Speed + I(Speed ** 2),REML
0.4453691275167785,Older,Cadence,77.41011255437354,74.67936888437208,80.140856224375,1.3932621678465635,correlated_random_intercept_speed_slope,Cadence ~ C(AgeGroup) + Speed + I(Speed ** 2),REML
0.4538255033557047,Older,Cadence,78.0150264355288,75.29598954640316,80.73406332465443,1.3872892107064476,correlated_random_intercept_speed_slope,Cadence ~ C(AgeGroup) + Speed + I(Speed ** 2),REML
0.4622818791946309,Older,Cadence,78.6174041745971,75.90956680202642,81.32524154716778,1.3815750666490554,correlated_random_intercept_speed_slope,Cadence ~ C(AgeGroup) + Speed + I(Speed ** 2),REML
0.47073825503355704,Older,Cadence,79.2172457715784,76.52010982502325,81.91438171813355,1.3761150550876486,correlated_random_intercept_speed_slope,Cadence ~ C(AgeGroup) + Speed + I(Speed ** 2),REML
0.4791946308724832,Older,Cadence,79.81455122647276,77.12762795929281,82.50147449365271,1.3709044086391644,correlated_random_intercept_speed_slope,Cadence ~ C(AgeGroup) + Speed + I(Speed ** 2),REML
0.4876510067114094,Older,Cadence,80.40932053928015,77.7321307050336,83.08651037352669,1.3659382801744735,correlated_random_intercept_speed_slope,Cadence ~ C(AgeGroup) + Speed + I(Speed ** 2),REML
0.4961073825503356,Older,Cadence,81.00155371000054,78.33362770450323,83.66947971549784,1.3612117500839658,correlated_random_intercept_speed_slope,Cadence ~ C(AgeGroup) + Speed + I(Speed ** 2),REML
0.5045637583892617,Older,Cadence,81.59125073863397,78.9321287274179,84.25037274985004,1.3567198337269861,correlated_random_intercept_speed_slope,Cadence ~ C(AgeGroup) + Speed + I(Speed ** 2),REML
0.5130201342281879,Older,Cadence,82.17841162518043,79.52764365605405,84.82917959430681,1.3524574890331151,correlated_random_intercept_speed_slope,Cadence ~ C(AgeGroup) + Speed + I(Speed ** 2),REML
0.5214765100671142,Older,Cadence,82.76303636963992,80.12018247011572,85.40589026916412,1.348419624223043,correlated_random_intercept_speed_slope,Cadence ~ C(AgeGroup) + Speed + I(Speed ** 2),REML
0.5299328859060403,Older,Cadence,83.34512497201243,80.70975523143068,85.98049471259418,1.3446011056168405,correlated_random_intercept_speed_slope,Cadence ~ C(AgeGroup) + Speed + I(Speed ** 2),REML
0.5383892617449665,Older,Cadence,83.92467743229797,81.29637206853774,86.5529827960582,1.3409967654977186,correlated_random_intercept_speed_slope,Cadence ~ C(AgeGroup) + Speed + I(Speed ** 2),REML
0.5468456375838926,Older,Cadence,84.50169375049654,81.88004316122658,87.1233443397665,1.3376014099999847,correlated_random_intercept_speed_slope,Cadence ~ C(AgeGroup) + Speed + I(Speed ** 2),REML
0.5553020134228188,Older,Cadence,85.07617392660813,82.46077872509008,87.69156912812619,1.3344098269906766,correlated_random_intercept_speed_slope,Cadence ~ C(AgeGroup) + Speed + I(Speed ** 2),REML
0.5637583892617449,Older,Cadence,85.64811796063277,83.03858899614673,88.25764692511882,1.3314167939154373,correlated_random_intercept_speed_slope,Cadence ~ C(AgeGroup) + Speed + I(Speed ** 2),REML
0.5722147651006712,Older,Cadence,86.21752585257042,83.61348421558822,88.82156748955262,1.328617085580426,correlated_random_intercept_speed_slope,Cadence ~ C(AgeGroup) + Speed + I(Speed ** 2),REML
0.5806711409395973,Older,Cadence,86.7843976024211,84.18547461470517,89.38332059013702,1.32600548184349,correlated_random_intercept_speed_slope,Cadence ~ C(AgeGroup) + Speed + I(Speed ** 2),REML
0.5891275167785235,Older,Cadence,87.3487332101848,84.75457040003988,89.94289602032973,1.3235767751894132,correlated_random_intercept_speed_slope,Cadence ~ C(AgeGroup) + Speed + I(Speed ** 2),REML
0.5975838926174497,Older,Cadence,87.91053267586153,85.32078173881224,90.50028361291082,1.3213257781657795,correlated_random_intercept_speed_slope,Cadence ~ C(AgeGroup) + Speed + I(Speed ** 2),REML
0.6060402684563758,Older,Cadence,88.46979599945129,85.8841187446614,91.05547325424119,1.3192473306578056,correlated_random_intercept_speed_slope,Cadence ~ C(AgeGroup) + Speed + I(Speed ** 2),REML
0.614496644295302,Older,Cadence,89.02652318095409,86.44459146374156,91.60845489816661,1.3173363069824118,correlated_random_intercept_speed_slope,Cadence ~ C(AgeGroup) + Speed + I(Speed ** 2),REML
0.6229530201342282,Older,Cadence,89.58071422036991,87.00220986120708,92.15921857953275,1.3155876227837588,correlated_random_intercept_speed_slope,Cadence ~ C(AgeGroup) + Speed + I(Speed ** 2),REML
0.6314093959731544,Older,Cadence,90.13236911769876,87.5569838081174,92.70775442728012,1.3139962417144764,correlated_random_intercept_speed_slope,Cadence ~ C(AgeGroup) + Speed + I(Speed ** 2),REML
0.6398657718120806,Older,Cadence,90.68148787294062,88.10892306878917,93.25405267709208,1.3125571818888067,correlated_random_intercept_speed_slope,Cadence ~ C(AgeGroup) + Speed + I(Speed ** 2),REML
0.6483221476510067,Older,Cadence,91.22807048609552,88.65803728861846,93.79810368357258,1.3112655220958926,correlated_random_intercept_speed_slope,Cadence ~ C(AgeGroup) + Speed + I(Speed ** 2),REML
0.6567785234899329,Older,Cadence,91.77211695716345,89.20433598239221,94.33989793193469,1.3101164077633893,correlated_random_intercept_speed_slope,Cadence ~ C(AgeGroup) + Speed + I(Speed ** 2),REML
0.665234899328859,Older,Cadence,92.31362728614441,89.74782852310469,94.87942604918413,1.3091050566634976,correlated_random_intercept_speed_slope,Cadence ~ C(AgeGroup) + Speed + I(Speed ** 2),REML
0.6736912751677853,Older,Cadence,92.85260147303839,90.28852413129052,95.41667881478627,1.308226764355359,correlated_random_intercept_speed_slope,Cadence ~ C(AgeGroup) + Speed + I(Speed ** 2),REML
0.6821476510067115,Older,Cadence,93.3890395178454,90.82643186488298,95.95164717080783,1.3074769093595358,correlated_random_intercept_speed_slope,Cadence ~ C(AgeGroup) + Speed + I(Speed ** 2),REML
0.6906040268456376,Older,Cadence,93.92294142056542,91.36156060960232,96.48432223152852,1.3068509580619603,correlated_random_intercept_speed_slope,Cadence ~ C(AgeGroup) + Speed + I(Speed ** 2),REML
0.6990604026845637,Older,Cadence,94.4543071811985,91.89391906987659,97.01469529252041,1.306344469346336,correlated_random_intercept_speed_slope,Cadence ~ C(AgeGroup) + Speed + I(Speed ** 2),REML
0.7075167785234899,Older,Cadence,94.9831367997446,92.4235157602935,97.5427578391957,1.3059530989554224,correlated_random_intercept_speed_slope,Cadence ~ C(AgeGroup) + Speed + I(Speed ** 2),REML
0.7159731543624162,Older,Cadence,95.50943027620372,92.95035899758034,98.0685015548271,1.3056726035830266,correlated_random_intercept_speed_slope,Cadence ~ C(AgeGroup) + Speed + I(Speed ** 2),REML
0.7244295302013424,Older,Cadence,96.03318761057588,93.47445689310578,98.59191832804598,1.3054988446997204,correlated_random_intercept_speed_slope,Cadence ~ C(AgeGroup) + Speed + I(Speed ** 2),REML
0.7328859060402685,Older,Cadence,96.55440880286103,93.99581734589508,99.11300025982699,1.3054277921164898,correlated_random_intercept_speed_slope,Cadence ~ C(AgeGroup) + Speed + I(Speed ** 2),REML
0.7413422818791946,Older,Cadence,97.07309385305923,94.51444803614925,99.63173966996922,1.3054555272914519,correlated_random_intercept_speed_slope,Cadence ~ C(AgeGroup) + Speed + I(Speed ** 2),REML
0.7497986577181208,Older,Cadence,97.58924276117048,95.03035641925551,100.14812910308545,1.3055782463857168,correlated_random_intercept_speed_slope,Cadence ~ C(AgeGroup) + Speed + I(Speed ** 2),REML
0.758255033557047,Older,Cadence,98.10285552719473,95.54354972027627,100.6621613341132,1.3057922630752097,correlated_random_intercept_speed_slope,Cadence ~ C(AgeGroup) + Speed + I(Speed ** 2),REML
0.7667114093959732,Older,Cadence,98.61393215113202,96.05403492890173,101.17382937336231,1.3060940111259338,correlated_random_intercept_speed_slope,Cadence ~ C(AgeGroup) + Speed + I(Speed ** 2),REML
0.7751677852348994,Older,Cadence,99.12247263298232,96.5618187948504,101.68312647111425,1.306480046740674,correlated_random_intercept_speed_slope,Cadence ~ C(AgeGroup) + Speed + I(Speed ** 2),REML
0.7836241610738255,Older,Cadence,99.62847697274567,97.06690782370102,102.19004612179033,1.3069470506856173,correlated_random_intercept_speed_slope,Cadence ~ C(AgeGroup) + Speed + I(Speed ** 2),REML
0.7920805369127517,Older,Cadence,100.13194517042203,97.56930827313857,102.69458206770548,1.3074918302056628,correlated_random_intercept_speed_slope,Cadence ~ C(AgeGroup) + Speed + I(Speed ** 2),REML
0.8005369127516779,Older,Cadence,100.63287722601144,98.06902614959691,103.19672830242598,1.3081113207374548,correlated_random_intercept_speed_slope,Cadence ~ C(AgeGroup) + Speed + I(Speed ** 2),REML
0.808993288590604,Older,Cadence,101.13127313951387,98.56606720527955,103.69647907374818,1.3088025874293288,correlated_random_intercept_speed_slope,Cadence ~ C(AgeGroup) + Speed + I(Speed ** 2),REML
0.8174496644295302,Older,Cadence,101.6271329109293,99.06043693554108,104.19382888631753,1.3095628264774237,correlated_random_intercept_speed_slope,Cadence ~ C(AgeGroup) + Speed + I(Speed ** 2),REML
0.8259060402684564,Older,Cadence,102.12045654025779,99.55214057661063,104.68877250390496,1.310389366287195,correlated_random_intercept_speed_slope,Cadence ~ C(AgeGroup) + Speed + I(Speed ** 2),REML
0.8343624161073826,Older,Cadence,102.6112440274993,100.04118310363937,105.18130495135922,1.3112796684695445,correlated_random_intercept_speed_slope,Cadence ~ C(AgeGroup) + Speed + I(Speed ** 2),REML
0.8428187919463088,Older,Cadence,103.09949537265383,100.52756922905479,105.67142151625288,1.3122313286805591,correlated_random_intercept_speed_slope,Cadence ~ C(AgeGroup) + Speed + I(Speed ** 2),REML
0.8512751677852349,Older,Cadence,103.58521057572139,101.01130340120386,106.15911775023892,1.3132420773137545,correlated_random_intercept_speed_slope,Cadence ~ C(AgeGroup) + Speed + I(Speed ** 2),REML
0.859731543624161,Older,Cadence,104.06838963670198,101.49238980326858,106.64438947013538,1.3143097800533883,correlated_random_intercept_speed_slope,Cadence ~ C(AgeGroup) + Speed + I(Speed ** 2),REML
0.8681879194630873,Older,Cadence,104.5490325555956,101.97083235243738,107.12723275875382,1.3154324382972025,correlated_random_intercept_speed_slope,Cadence ~ C(AgeGroup) + Speed + I(Speed ** 2),REML
0.8766442953020135,Older,Cadence,105.02713933240224,102.44663469931692,107.60764396548757,1.3166081894565504,correlated_random_intercept_speed_slope,Cadence ~ C(AgeGroup) + Speed + I(Speed ** 2),REML
0.8851006711409397,Older,Cadence,105.50270996712192,102.91980022756914,108.08561970667469,1.3178353071415805,correlated_random_intercept_speed_slope,Cadence ~ C(AgeGroup) + Speed + I(Speed ** 2),REML
0.8935570469798658,Older,Cadence,105.97574445975461,103.39033205375941,108.56115686574981,1.3191122012386958,correlated_random_intercept_speed_slope,Cadence ~ C(AgeGroup) + Speed + I(Speed ** 2),REML
0.9020134228187919,Older,Cadence,106.44624281030033,103.85823302740245,109.03425259319822,1.32043741788715,correlated_random_intercept_speed_slope,Cadence ~ C(AgeGroup) + Speed + I(Speed ** 2),REML
0.9104697986577182,Older,Cadence,106.91420501875909,104.32350573119331,109.50490430632487,1.3218096393611765,correlated_random_intercept_speed_slope,Cadence ~ C(AgeGroup) + Speed + I(Speed ** 2),REML
0.9189261744966444,Older,Cadence,107.37963108513088,104.78615248141183,109.97310968884993,1.3232276838636239,correlated_random_intercept_speed_slope,Cadence ~ C(AgeGroup) + Speed + I(Speed ** 2),REML
0.9273825503355706,Older,Cadence,107.84252100941569,105.24617532848978,110.4388666903416,1.3246905052366051,correlated_random_intercept_speed_slope,Cadence ~ C(AgeGroup) + Speed + I(Speed ** 2),REML
0.9358389261744966,Older,Cadence,108.3028747916135,105.70357605773071,110.9021735254963,1.3261971925942126,correlated_random_intercept_speed_slope,Cadence ~ C(AgeGroup) + Speed + I(Speed ** 2),REML
0.9442953020134228,Older,Cadence,108.76069243172438,106.15835619017372,111.36302867327504,1.3277469698818767,correlated_random_intercept_speed_slope,Cadence ~ C(AgeGroup) + Speed + I(Speed ** 2),REML
0.952751677852349,Older,Cadence,109.21597392974827,106.61051698359252,111.82143087590403,1.32933919536648,correlated_random_intercept_speed_slope,Cadence ~ C(AgeGroup) + Speed + I(Speed ** 2),REML
0.9612080536912753,Older,Cadence,109.6687192856852,107.06005943362364,112.27737913774676,1.330973361060886,correlated_random_intercept_speed_slope,Cadence ~ C(AgeGroup) + Speed + I(Speed ** 2),REML
0.9696644295302015,Older,Cadence,110.11892849953514,107.50698427501652,112.73087272405377,1.3326490920860334,correlated_random_intercept_speed_slope,Cadence ~ C(AgeGroup) + Speed + I(Speed ** 2),REML
0.9781208053691275,Older,Cadence,110.56660157129812,107.95129198300081,113.18191115959543,1.3343661459733651,correlated_random_intercept_speed_slope,Cadence ~ C(AgeGroup) + Speed + I(Speed ** 2),REML
0.9865771812080537,Older,Cadence,111.0117385009741,108.3929827747661,113.63049422718211,1.3361244119098201,correlated_random_intercept_speed_slope,Cadence ~ C(AgeGroup) + Speed + I(Speed ** 2),REML
0.9950335570469799,Older,Cadence,111.45433928856315,108.8320566110507,114.07662196607559,1.3379239099272606,correlated_random_intercept_speed_slope,Cadence ~ C(AgeGroup) + Speed + I(Speed ** 2),REML
1.0034899328859062,Older,Cadence,111.89440393406522,109.26851319783646,114.52029467029399,1.3397647900377054,correlated_random_intercept_speed_slope,Cadence ~ C(AgeGroup) + Speed + I(Speed ** 2),REML
1.0119463087248322,Older,Cadence,112.33193243748029,109.70235198814784,114.96151288681274,1.3416473313153972,correlated_random_intercept_speed_slope,Cadence ~ C(AgeGroup) + Speed + I(Speed ** 2),REML
1.0204026845637584,Older,Cadence,112.76692479880839,110.13357218395437,115.40027741366241,1.343571940926244,correlated_random_intercept_speed_slope,Cadence ~ C(AgeGroup) + Speed + I(Speed ** 2),REML
1.0288590604026846,Older,Cadence,113.19938101804954,110.56217273817542,115.83658929792365,1.3455391531048915,correlated_random_intercept_speed_slope,Cadence ~ C(AgeGroup) + Speed + I(Speed ** 2),REML
1.0373154362416108,Older,Cadence,113.62930109520372,110.98815235678813,116.2704498336193,1.3475496280792003,correlated_random_intercept_speed_slope,Cadence ~ C(AgeGroup) + Speed + I(Speed ** 2),REML
1.045771812080537,Older,Cadence,114.0566850302709,111.41150950103946,116.70186055950234,1.3496041509416714,correlated_random_intercept_speed_slope,Cadence ~ C(AgeGroup) + Speed + I(Speed ** 2),REML
1.054228187919463,Older,Cadence,114.48153282325111,111.83224238976389,117.13082325673834,1.3517036304669279,correlated_random_intercept_speed_slope,Cadence ~ C(AgeGroup) + Speed + I(Speed ** 2),REML
1.0626845637583893,Older,Cadence,114.90384447414439,112.2503490018091,117.55733994647969,1.353849097874105,correlated_random_intercept_speed_slope,Cadence ~ C(AgeGroup) + Speed + I(Speed ** 2),REML
1.0711409395973155,Older,Cadence,115.32361998295066,112.66582707857225,117.98141288732907,1.3560417055327265,correlated_random_intercept_speed_slope,Cadence ~ C(AgeGroup) + Speed + I(Speed ** 2),REML
1.0795973154362417,Older,Cadence,115.74085934966995,113.07867412665081,118.40304457268908,1.3582827256103254,correlated_random_intercept_speed_slope,Cadence ~ C(AgeGroup) + Speed + I(Speed ** 2),REML
1.088053691275168,Older,Cadence,116.15556257430232,113.48888742061114,118.82223772799351,1.3605735486598662,correlated_random_intercept_speed_slope,Cadence ~ C(AgeGroup) + Speed + I(Speed ** 2),REML
1.096510067114094,Older,Cadence,116.56772965684766,113.89646400587897,119.23899530781635,1.3629156821448218,correlated_random_intercept_speed_slope,Cadence ~ C(AgeGroup) + Speed + I(Speed ** 2),REML
1.1049664429530202,Older,Cadence,116.97736059730605,114.3014007017576,119.65332049285449,1.3653107488995062,correlated_random_intercept_speed_slope,Cadence ~ C(AgeGroup) + Speed + I(Speed ** 2),REML
1.1134228187919464,Older,Cadence,117.38445539567746,114.70369410457698,120.06521668677794,1.3677604855221746,correlated_random_intercept_speed_slope,Cadence ~ C(AgeGroup) + Speed + I(Speed ** 2),REML
1.1218791946308726,Older,Cadence,117.78901405196191,115.10334059098031,120.47468751294352,1.3702667406982265,correlated_random_intercept_speed_slope,Cadence ~ C(AgeGroup) + Speed + I(Speed ** 2),REML
1.1303355704697988,Older,Cadence,118.19103656615937,115.50033632135288,120.88173681096586,1.3728314734507299,correlated_random_intercept_speed_slope,Cadence ~ C(AgeGroup) + Speed + I(Speed ** 2),REML
1.1387919463087248,Older,Cadence,118.59052293826986,115.89467724339904,121.28636863314067,1.3754567513154794,correlated_random_intercept_speed_slope,Cadence ~ C(AgeGroup) + Speed + I(Speed ** 2),REML
1.147248322147651,Older,Cadence,118.98747316829339,116.2863590958726,121.68858724071418,1.3781447484376461,correlated_random_intercept_speed_slope,Cadence ~ C(AgeGroup) + Speed + I(Speed ** 2),REML
1.1557046979865773,Older,Cadence,119.38188725622996,116.67537741246645,122.08839709999347,1.3808977435871852,correlated_random_intercept_speed_slope,Cadence ~ C(AgeGroup) + Speed + I(Speed ** 2),REML
1.1641610738255035,Older,Cadence,119.77376520207952,117.06172752586735,122.48580287829168,1.3837181180901124,correlated_random_intercept_speed_slope,Cadence ~ C(AgeGroup) + Speed + I(Speed ** 2),REML
1.1726174496644295,Older,Cadence,120.16310700584212,117.44540457198103,122.88080943970321,1.3866083536728144,correlated_random_intercept_speed_slope,Cadence ~ C(AgeGroup) + Speed + I(Speed ** 2),REML
1.1810738255033557,Older,Cadence,120.54991266751776,117.82640349433272,123.2734218407028,1.3895710302167408,correlated_random_intercept_speed_slope,Cadence ~ C(AgeGroup) + Speed + I(Speed ** 2),REML
1.189530201342282,Older,Cadence,120.93418218710644,118.20471904864895,123.66364532556393,1.3926088234208103,correlated_random_intercept_speed_slope,Cadence ~ C(AgeGroup) + Speed + I(Speed ** 2),REML
1.1979865771812082,Older,Cadence,121.31591556460812,118.58034580762448,124.05148532159176,1.3957245023691578,correlated_random_intercept_speed_slope,Cadence ~ C(AgeGroup) + Speed + I(Speed ** 2),REML
1.2064429530201344,Older,Cadence,121.69511280002287,118.95327816587964,124.4369474341661,1.3989209270019647,correlated_random_intercept_speed_slope,Cadence ~ C(AgeGroup) + Speed + I(Speed ** 2),REML
1.2148993288590604,Older,Cadence,122.07177389335061,119.32351034511088,124.82003744159034,1.4022010454874108,correlated_random_intercept_speed_slope,Cadence ~ C(AgeGroup) + Speed + I(Speed ** 2),REML
1.2233557046979866,Older,Cadence,122.44589884459137,119.69103639943924,125.2007612897435,1.4055678914929732,correlated_random_intercept_speed_slope,Cadence ~ C(AgeGroup) + Speed + I(Speed ** 2),REML
1.2318120805369128,Older,Cadence,122.81748765374518,120.05585022095829,125.57912508653206,1.4090245813547262,correlated_random_intercept_speed_slope,Cadence ~ C(AgeGroup) + Speed + I(Speed ** 2),REML
1.240268456375839,Older,Cadence,123.18654032081201,120.41794554548423,125.9551350961398,1.4125743111435232,correlated_random_intercept_speed_slope,Cadence ~ C(AgeGroup) + Speed + I(Speed ** 2),REML
1.2487248322147653,Older,Cadence,123.55305684579186,120.77731595850959,126.32879773307413,1.4162203536273912,correlated_random_intercept_speed_slope,Cadence ~ C(AgeGroup) + Speed + I(Speed ** 2),REML
1.2571812080536913,Older,Cadence,123.91703722868473,121.13395490136077,126.7001195560087,1.4199660551298734,correlated_random_intercept_speed_slope,Cadence ~ C(AgeGroup) + Speed + I(Speed ** 2),REML
1.2656375838926175,Older,Cadence,124.27848146949066,121.48785567755921,127.0691072614221,1.4238148322844466,correlated_random_intercept_speed_slope,Cadence ~ C(AgeGroup) + Speed + I(Speed ** 2),REML
1.2740939597315437,Older,Cadence,124.6373895682096,121.83901145938492,127.43576767703428,1.4277701686857143,correlated_random_intercept_speed_slope,Cadence ~ C(AgeGroup) + Speed + I(Speed ** 2),REML
1.28255033557047,Older,Cadence,124.99376152484155,122.18741529464029,127.8001077550428,1.4318356114384503,correlated_random_intercept_speed_slope,Cadence ~ C(AgeGroup) + Speed + I(Speed ** 2),REML
1.2910067114093962,Older,Cadence,125.34759733938655,122.53306011361066,128.16213456516246,1.436014767606245,correlated_random_intercept_speed_slope,Cadence ~ C(AgeGroup) + Speed + I(Speed ** 2),REML
1.2994630872483222,Older,Cadence,125.69889701184456,122.87593873621718,128.52185528747194,1.4403113005619057,correlated_random_intercept_speed_slope,Cadence ~ C(AgeGroup) + Speed + I(Speed ** 2),REML
1.3079194630872484,Older,Cadence,126.04766054221562,123.21604387935716,128.8792772050741,1.4447289262424732,correlated_random_intercept_speed_slope,Cadence ~ C(AgeGroup) + Speed + I(Speed ** 2),REML
1.3163758389261746,Older,Cadence,126.39388793049969,123.5533681644242,129.23440769657518,1.449271409312183,correlated_random_intercept_speed_slope,Cadence ~ C(AgeGroup) + Speed + I(Speed ** 2),REML
1.3248322147651008,Older,Cadence,126.73757917669683,123.88790412500147,129.5872542283922,1.4539425592374315,correlated_random_intercept_speed_slope,Cadence ~ C(AgeGroup) + Speed + I(Speed ** 2),REML
1.3332885906040268,Older,Cadence,127.07873428080696,124.21964421471785,129.93782434689606,1.4587462262782613,correlated_random_intercept_speed_slope,Cadence ~ C(AgeGroup) + Speed + I(Speed ** 2),REML
1.341744966442953,Older,Cadence,127.41735324283009,124.54858081525809,130.28612567040207,1.46368629740164,correlated_random_intercept_speed_slope,Cadence ~ C(AgeGroup) + Speed + I(Speed ** 2),REML
1.3502013422818793,Older,Cadence,127.7534360627663,124.87470624451447,130.63216588101812,1.468766692122343,correlated_random_intercept_speed_slope,Cadence ~ C(AgeGroup) + Speed + I(Speed ** 2),REML
1.3586577181208055,Older,Cadence,128.08698274061553,125.19801276486773,130.97595271636334,1.4739913582778215,correlated_random_intercept_speed_slope,Cadence ~ C(AgeGroup) + Speed + I(Speed ** 2),REML
1.3671140939597317,Older,Cadence,128.41799327637773,125.51849259158368,131.31749396117178,1.4793642677441707,correlated_random_intercept_speed_slope,Cadence ~ C(AgeGroup) + Speed + I(Speed ** 2),REML
1.3755704697986577,Older,Cadence,128.746467670053,125.83613790131078,131.6567974387952,1.484889412100692,correlated_random_intercept_speed_slope,Cadence ~ C(AgeGroup) + Speed + I(Speed ** 2),REML
1.384026845637584,Older,Cadence,129.07240592164132,126.15094084066163,131.993871002621,1.4905707982513114,correlated_random_intercept_speed_slope,Cadence ~ C(AgeGroup) + Speed + I(Speed ** 2),REML
1.3924832214765102,Older,Cadence,129.39580803114265,126.46289353486267,132.32872252742263,1.4964124440114341,correlated_random_intercept_speed_slope,Cadence ~ C(AgeGroup) + Speed + I(Speed ** 2),REML
1.4009395973154364,Older,Cadence,129.71667399855698,126.77198809645348,132.6613599006605,1.502418373669521,correlated_random_intercept_speed_slope,Cadence ~ C(AgeGroup) + Speed + I(Speed ** 2),REML
1.4093959731543626,Older,Cadence,130.03500382388438,127.07821663401666,132.9917910137521,1.5085926135329428,correlated_random_intercept_speed_slope,Cadence ~ C(AgeGroup) + Speed + I(Speed ** 2),REML
1.4178523489932886,Older,Cadence,130.35079750712475,127.38157126091872,133.3200237533308,1.5149391874681966,correlated_random_intercept_speed_slope,Cadence ~ C(AgeGroup) + Speed + I(Speed ** 2),REML
1.4263087248322148,Older,Cadence,130.66405504827821,127.68204410404203,133.6460659925144,1.5214621124458947,correlated_random_intercept_speed_slope,Cadence ~ C(AgeGroup) + Speed + I(Speed ** 2),REML
1.434765100671141,Older,Cadence,130.97477644734465,127.97962731248575,133.96992558220356,1.528165394101246,correlated_random_intercept_speed_slope,Cadence ~ C(AgeGroup) + Speed + I(Speed ** 2),REML
1.443221476510067,Older,Cadence,131.28296170432415,128.27431306621565,134.29161034243265,1.5350530223209857,correlated_random_intercept_speed_slope,Cadence ~ C(AgeGroup) + Speed + I(Speed ** 2),REML
1.4516778523489933,Older,Cadence,131.58861081921668,128.5660935846395,134.61112805379386,1.5421289668679616,correlated_random_intercept_speed_slope,Cadence ~ C(AgeGroup) + Speed + I(Speed ** 2),REML
1.4601342281879195,Older,Cadence,131.89172379202222,128.854961135087,134.92848644895744,1.5493971730546119,correlated_random_intercept_speed_slope,Cadence ~ C(AgeGroup) + Speed + I(Speed ** 2),REML
1.4685906040268457,Older,Cadence,132.19230062274082,129.1409080411715,135.24369320431012,1.5568615574767117,correlated_random_intercept_speed_slope,Cadence ~ C(AgeGroup) + Speed + I(Speed ** 2),REML
1.477046979865772,Older,Cadence,132.4903413113724,129.42392669101133,135.55675593173345,1.5645260038187134,correlated_random_intercept_speed_slope,Cadence ~ C(AgeGroup) + Speed + I(Speed ** 2),REML
1.485503355704698,Older,Cadence,132.78584585791702,129.70400954528887,135.86768217054518,1.5723943587419364,correlated_random_intercept_speed_slope,Cadence ~ C(AgeGroup) + Speed + I(Speed ** 2),REML
1.4939597315436242,Older,Cadence,133.0788142623747,129.98114914512544,136.17647937962394,1.580470427866649,correlated_random_intercept_speed_slope,Cadence ~ C(AgeGroup) + Speed + I(Speed ** 2),REML
1.5024161073825504,Older,Cadence,133.36924652474536,130.25533811975086,136.48315492973987,1.5887579718589795,correlated_random_intercept_speed_slope,Cadence ~ C(AgeGroup) + Speed + I(Speed ** 2),REML
1.5108724832214766,Older,Cadence,133.6571426450291,130.52656919394707,136.78771609611113,1.5972607026331096,correlated_random_intercept_speed_slope,Cadence ~ C(AgeGroup) + Speed + I(Speed ** 2),REML
1.5193288590604028,Older,Cadence,133.9425026232258,130.79483519524535,137.09017005120626,1.605982279679039,correlated_random_intercept_speed_slope,Cadence ~ C(AgeGroup) + Speed + I(Speed ** 2),REML
1.5277852348993288,Older,Cadence,134.22532645933558,131.06012906085914,137.390523857812,1.6149263065255772,correlated_random_intercept_speed_slope,Cadence ~ C(AgeGroup) + Speed + I(Speed ** 2),REML
1.536241610738255,Older,Cadence,134.50561415335838,131.32244384433287,137.6887844623839,1.6240963273478317,correlated_random_intercept_speed_slope,Cadence ~ C(AgeGroup) + Speed + I(Speed ** 2),REML
1.5446979865771813,Older,Cadence,134.78336570529422,131.581772721891,137.98495868869742,1.633495823727869,correlated_random_intercept_speed_slope,Cadence ~ C(AgeGroup) + Speed + I(Speed ** 2),REML
1.5531543624161075,Older,Cadence,135.05858111514306,131.83810899847128,138.27905323181483,1.6431282115765624,correlated_random_intercept_speed_slope,Cadence ~ C(AgeGroup) + Speed + I(Speed ** 2),REML
1.5616107382550337,Older,Cadence,135.33126038290493,132.09144611342725,138.5710746523826,1.6529968382240245,correlated_random_intercept_speed_slope,Cadence ~ C(AgeGroup) + Speed + I(Speed ** 2),REML
1.5700671140939597,Older,Cadence,135.6014035085798,132.34177764588753,138.86102937127208,1.663104979685232,correlated_random_intercept_speed_slope,Cadence ~ C(AgeGroup) + Speed + I(Speed ** 2),REML
1.578523489932886,Older,Cadence,135.86901049216775,132.5890973197602,139.14892366457528,1.6734558381067528,correlated_random_intercept_speed_slope,Cadence ~ C(AgeGroup) + Speed + I(Speed ** 2),REML
1.5869798657718122,Older,Cadence,136.13408133366872,132.83339900837223,139.4347636589652,1.6840525393996333,correlated_random_intercept_speed_slope,Cadence ~ C(AgeGroup) + Speed + I(Speed ** 2),REML
1.5954362416107384,Older,Cadence,136.3966160330827,133.07467673873555,139.71855532742984,1.6948981310627054,correlated_random_intercept_speed_slope,Cadence ~ C(AgeGroup) + Speed + I(Speed ** 2),REML
1.6038926174496644,Older,Cadence,136.6566145904097,133.3129246954337,140.0003044853857,1.7059955801997386,correlated_random_intercept_speed_slope,Cadence ~ C(AgeGroup) + Speed + I(Speed ** 2),REML
1.6123489932885906,Older,Cadence,136.91407700564974,133.54813722412305,140.28001678717644,1.7173477717329497,correlated_random_intercept_speed_slope,Cadence ~ C(AgeGroup) + Speed + I(Speed ** 2),REML
1.6208053691275168,Older,Cadence,137.16900327880285,133.78030883464606,140.55769772295963,1.728957506814605,correlated_random_intercept_speed_slope,Cadence ~ C(AgeGroup) + Speed + I(Speed ** 2),REML
1.629261744966443,Older,Cadence,137.42139340986893,134.00943420375458,140.83335261598327,1.7408275014374994,correlated_random_intercept_speed_slope,Cadence ~ C(AgeGroup) + Speed + I(Speed ** 2),REML
1.6377181208053693,Older,Cadence,137.67124739884804,134.23550817744382,141.10698662025226,1.7529603852442723,correlated_random_intercept_speed_slope,Cadence ~ C(AgeGroup) + Speed + I(Speed ** 2),REML
1.6461744966442953,Older,Cadence,137.91856524574018,134.4585257728977,141.37860471858266,1.7653587005347264,correlated_random_intercept_speed_slope,Cadence ~ C(AgeGroup) + Speed + I(Speed ** 2),REML
1.6546308724832215,Older,Cadence,138.16334695054536,134.6784821800499,141.6482117210408,1.7780249014694276,correlated_random_intercept_speed_slope,Cadence ~ C(AgeGroup) + Speed + I(Speed ** 2),REML
1.6630872483221477,Older,Cadence,138.4055925132636,134.89537276276505,141.91581226376215,1.790961353467067,correlated_random_intercept_speed_slope,Cadence ~ C(AgeGroup) + Speed + I(Speed ** 2),REML
1.671543624161074,Older,Cadence,138.6453019338948,135.109193059646,142.18141080814362,1.8041703327924294,correlated_random_intercept_speed_slope,Cadence ~ C(AgeGroup) + Speed + I(Speed ** 2),REML
1.68,Older,Cadence,138.88247521243906,135.31993878447634,142.4450116404018,1.8176540263308776,correlated_random_intercept_speed_slope,Cadence ~ C(AgeGroup) + Speed + I(Speed ** 2),REML
